comb08,hpv,make,model,year
23,65,Audi,TT Coupe,2000
21,65,Audi,TT Coupe quattro,2000
23,77,Acura,Integra,2000
24,77,Acura,Integra,2000
24,77,Acura,Integra,2000
36,77,Chevrolet,Metro,2000
28,77,Chevrolet,Metro,2000
34,77,Chevrolet,Metro,2000
27,86,Honda,Civic,2000
27,86,Honda,Civic,2000
30,86,Honda,Civic,2000
28,86,Honda,Civic,2000
25,86,Honda,Civic,2000
21,79,Mitsubishi,Eclipse,2000
21,79,Mitsubishi,Eclipse,2000
23,79,Mitsubishi,Eclipse,2000
20,79,Mitsubishi,Eclipse,2000
21,79,Mitsubishi,Eclipse,2000
28,77,Suzuki,Swift,2000
34,77,Suzuki,Swift,2000
26,78,Toyota,Celica,2000
23,78,Toyota,Celica,2000
27,78,Toyota,Celica,2000
23,78,Toyota,Celica,2000
22,85,Volkswagen,New Beetle,2000
24,85,Volkswagen,New Beetle,2000
33,85,Volkswagen,New Beetle,2000
38,85,Volkswagen,New Beetle,2000
22,85,Volkswagen,New Beetle,2000
24,85,Volkswagen,New Beetle,2000
25,91,Daewoo,Lanos,2000
26,91,Daewoo,Lanos,2000
24,91,Daewoo,Lanos,2000
26,91,Daewoo,Lanos,2000
22,91,Daewoo,Nubira,2000
23,91,Daewoo,Nubira,2000
26,95,Ford,Focus,2000
24,95,Ford,Focus,2000
27,95,Ford,Focus,2000
25,95,Ford,Focus,2000
26,89,Hyundai,Accent/Brio,2000
28,89,Hyundai,Accent/Brio,2000
23,93,Kia,Sephia/Spectra,2000
22,93,Kia,Sephia/Spectra,2000
22,88,Volkswagen,Golf,2000
24,88,Volkswagen,Golf,2000
33,88,Volkswagen,Golf,2000
38,88,Volkswagen,Golf,2000
22,88,Volkswagen,Golf,2000
24,88,Volkswagen,Golf,2000
22,86,Volkswagen,GTI,2000
24,86,Volkswagen,GTI,2000
22,86,Volkswagen,GTI,2000
24,86,Volkswagen,GTI,2000
21,86,Volkswagen,GTI,2000
20,90,Saab,9-3 Viggen,2000
20,90,Saab,9-3 Viggen,2000
22,90,Saab,9-3 Viggen,2000
22,90,Saab,9-3 Viggen,2000
21,90,Saab,9-3 Viggen,2000
22,95,Hyundai,Elantra Wagon,2000
24,95,Hyundai,Elantra Wagon,2000
21,89,Volvo,V40,2000
19,101,Lexus,RX 300,2000
18,101,Lexus,RX 300 4WD,2000
20,98,Volvo,V70 FWD,2000
21,98,Volvo,V70 FWD,2000
20,98,Volvo,V70 FWD,2000
21,98,Volvo,V70 FWD,2000
22,98,Volvo,V70 FWD,2000
19,98,Volvo,V70 AWD,2000
18,98,Volvo,V70 AWD,2000
27,86,Honda,Civic CNG,2000
23,65,Audi,TT Coupe,2001
21,65,Audi,TT Coupe quattro,2001
21,65,Audi,TT Coupe quattro,2001
23,77,Acura,Integra,2001
24,77,Acura,Integra,2001
24,77,Acura,Integra,2001
28,77,Chevrolet,Metro,2001
21,79,Mitsubishi,Eclipse,2001
23,79,Mitsubishi,Eclipse,2001
20,79,Mitsubishi,Eclipse,2001
21,79,Mitsubishi,Eclipse,2001
20,79,Mitsubishi,Eclipse,2001
28,77,Suzuki,Swift,2001
34,77,Suzuki,Swift,2001
28,78,Toyota,Celica,2001
27,78,Toyota,Celica,2001
23,78,Toyota,Celica,2001
23,78,Toyota,Celica,2001
22,85,Volkswagen,New Beetle,2001
24,85,Volkswagen,New Beetle,2001
33,85,Volkswagen,New Beetle,2001
38,85,Volkswagen,New Beetle,2001
22,85,Volkswagen,New Beetle,2001
24,85,Volkswagen,New Beetle,2001
25,91,Daewoo,Lanos,2001
26,91,Daewoo,Lanos,2001
23,91,Daewoo,Lanos,2001
25,91,Daewoo,Lanos,2001
22,91,Daewoo,Nubira,2001
23,91,Daewoo,Nubira,2001
25,95,Ford,Focus,2001
24,95,Ford,Focus,2001
28,95,Ford,Focus,2001
25,95,Ford,Focus,2001
23,93,Kia,Sephia/Spectra,2001
24,93,Kia,Sephia/Spectra,2001
22,88,Volkswagen,Golf,2001
24,88,Volkswagen,Golf,2001
33,88,Volkswagen,Golf,2001
38,88,Volkswagen,Golf,2001
22,88,Volkswagen,Golf,2001
24,88,Volkswagen,Golf,2001
22,86,Volkswagen,GTI,2001
24,86,Volkswagen,GTI,2001
21,86,Volkswagen,GTI,2001
21,90,Saab,9-3 Viggen,2001
21,90,Saab,9-3 Viggen,2001
22,90,Saab,9-3 Viggen,2001
22,90,Saab,9-3 Viggen,2001
22,90,Saab,9-3 Viggen,2001
23,89,Volvo,V40,2001
18,104,Lexus,RX 300 4WD,2001
18,104,Lexus,RX 300,2001
21,98,Volvo,V70 FWD,2001
20,98,Volvo,V70 FWD,2001
21,98,Volvo,V70 FWD,2001
20,98,Volvo,V70 FWD,2001
21,98,Volvo,V70 FWD,2001
20,98,Volvo,V70 FWD,2001
19,98,Volvo,V70 AWD,2001
18,98,Volvo,V70 XC AWD,2001
23,65,Audi,TT Coupe,2002
21,65,Audi,TT Coupe quattro,2002
21,65,Audi,TT Coupe quattro,2002
26,81,Acura,RSX,2002
24,81,Acura,RSX,2002
24,81,Acura,RSX,2002
21,79,Mitsubishi,Eclipse,2002
23,79,Mitsubishi,Eclipse,2002
20,79,Mitsubishi,Eclipse,2002
21,79,Mitsubishi,Eclipse,2002
20,79,Mitsubishi,Eclipse,2002
28,78,Toyota,Celica,2002
27,78,Toyota,Celica,2002
23,78,Toyota,Celica,2002
23,78,Toyota,Celica,2002
23,85,Volkswagen,New Beetle,2002
23,85,Volkswagen,New Beetle,2002
24,85,Volkswagen,New Beetle,2002
33,85,Volkswagen,New Beetle,2002
38,85,Volkswagen,New Beetle,2002
23,85,Volkswagen,New Beetle,2002
24,85,Volkswagen,New Beetle,2002
23,91,Daewoo,Lanos,2002
25,91,Daewoo,Lanos,2002
25,91,Daewoo,Lanos,2002
26,91,Daewoo,Lanos,2002
22,91,Daewoo,Nubira,2002
23,91,Daewoo,Nubira,2002
25,95,Ford,Focus,2002
25,95,Ford,Focus,2002
20,95,Ford,Focus,2002
28,95,Ford,Focus,2002
25,95,Ford,Focus,2002
30,85,Honda,Civic,2002
29,85,Honda,Civic,2002
31,85,Honda,Civic,2002
30,85,Honda,Civic,2002
25,85,Honda,Civic,2002
24,88,Kia,Rio,2002
26,88,Kia,Rio,2002
22,93,Kia,Spectra,2002
24,93,Kia,Spectra,2002
19,89,Lexus,IS 300,2002
18,89,Lexus,IS 300,2002
24,93,Mazda,Protege/Protege 5,2002
24,93,Mazda,Protege/Protege 5,2002
24,93,Mazda,Protege/Protege 5,2002
21,85,Mercedes-Benz,C230 Kompressor,2002
20,85,Mercedes-Benz,C230 Kompressor,2002
25,91,Suzuki,Aerio,2002
26,91,Suzuki,Aerio,2002
33,88,Volkswagen,Golf,2002
38,88,Volkswagen,Golf,2002
23,88,Volkswagen,Golf,2002
24,88,Volkswagen,Golf,2002
23,88,Volkswagen,GTI,2002
22,88,Volkswagen,GTI,2002
24,88,Volkswagen,GTI,2002
22,88,Volkswagen,GTI,2002
21,88,Volkswagen,GTI,2002
21,90,Saab,9-3 Viggen,2002
24,90,Saab,9-3 Viggen,2002
20,90,Saab,9-3 Viggen,2002
19,89,Mercedes-Benz,C320 (Wagon),2002
22,89,Volvo,V40,2002
18,104,Lexus,RX 300,2002
18,104,Lexus,RX 300 4WD,2002
21,98,Volvo,V70 FWD,2002
20,98,Volvo,V70 FWD,2002
21,98,Volvo,V70 FWD,2002
21,98,Volvo,V70 FWD,2002
21,98,Volvo,V70 FWD,2002
20,98,Volvo,V70 AWD,2002
20,98,Volvo,V70 XC AWD,2002
21,65,Audi,TT Coupe,2003
21,65,Audi,TT Coupe quattro,2003
26,81,Acura,RSX,2003
24,81,Acura,RSX,2003
25,81,Acura,RSX,2003
21,79,Mitsubishi,Eclipse,2003
21,79,Mitsubishi,Eclipse,2003
23,79,Mitsubishi,Eclipse,2003
24,79,Mitsubishi,Eclipse,2003
21,79,Mitsubishi,Eclipse,2003
21,79,Mitsubishi,Eclipse,2003
21,79,Mitsubishi,Eclipse,2003
21,79,Mitsubishi,Eclipse,2003
28,78,Toyota,Celica,2003
26,78,Toyota,Celica,2003
23,78,Toyota,Celica,2003
23,78,Toyota,Celica,2003
33,85,Volkswagen,New Beetle,2003
38,85,Volkswagen,New Beetle,2003
23,85,Volkswagen,New Beetle,2003
24,85,Volkswagen,New Beetle,2003
26,95,Ford,Focus,2003
24,95,Ford,Focus,2003
27,95,Ford,Focus,2003
24,95,Ford,Focus,2003
20,95,Ford,Focus,2003
23,95,Ford,Focus,2003
25,95,Ford,Focus,2003
32,85,Honda,Civic,2003
29,85,Honda,Civic,2003
29,85,Honda,Civic,2003
30,85,Honda,Civic,2003
34,85,Honda,Civic,2003
30,85,Honda,Civic,2003
25,85,Honda,Civic,2003
25,88,Kia,Rio,2003
26,88,Kia,Rio,2003
22,93,Kia,Spectra,2003
24,93,Kia,Spectra,2003
18,89,Lexus,IS 300,2003
18,89,Lexus,IS 300,2003
24,93,Mazda,Protege/Protege 5,2003
23,93,Mazda,Protege/Protege 5,2003
24,93,Mazda,Protege/Protege 5,2003
24,93,Mazda,Protege/Protege 5,2003
24,85,Mercedes-Benz,C230 Kompressor,2003
22,85,Mercedes-Benz,C230 Kompressor,2003
19,85,Mercedes-Benz,C320 Sports Coupe,2003
18,85,Mercedes-Benz,C320 Sports Coupe,2003
25,91,Suzuki,Aerio,2003
25,91,Suzuki,Aerio,2003
23,91,Suzuki,Aerio 4WD,2003
33,88,Volkswagen,Golf,2003
38,88,Volkswagen,Golf,2003
23,88,Volkswagen,Golf,2003
24,88,Volkswagen,Golf,2003
22,88,Volkswagen,GTI,2003
19,89,Mercedes-Benz,C240 (Wagon),2003
18,89,Mercedes-Benz,C240 (Wagon),2003
19,89,Mercedes-Benz,C240 4matic (Wagon),2003
20,89,Mercedes-Benz,C320 (Wagon),2003
18,89,Mercedes-Benz,C320 (Wagon),2003
19,89,Mercedes-Benz,C320 4matic (Wagon),2003
27,96,Pontiac,Vibe,2003
25,96,Pontiac,Vibe AWD,2003
25,96,Pontiac,Vibe,2003
28,96,Pontiac,Vibe,2003
24,96,Pontiac,Vibe,2003
27,96,Toyota,Matrix,2003
25,96,Toyota,Matrix AWD,2003
25,96,Toyota,Matrix,2003
28,96,Toyota,Matrix,2003
24,96,Toyota,Matrix,2003
22,89,Volvo,V40,2003
20,98,Mercedes-Benz,E320 (Wagon),2003
20,98,Mercedes-Benz,E320 4Matic (Wagon),2003
19,98,Volvo,V70 AWD,2003
20,98,Volvo,V70 FWD,2003
20,98,Volvo,V70 FWD,2003
22,98,Volvo,V70 FWD,2003
20,98,Volvo,V70 FWD,2003
22,98,Volvo,V70 FWD,2003
18,101,Volvo,XC90 FWD,2003
12,124,Mercedes-Benz,G500,2003
13,124,Mercedes-Benz,G55 AMG,2003
15,105,Mercedes-Benz,ML320,2003
15,105,Mercedes-Benz,ML350,2003
14,105,Mercedes-Benz,ML500,2003
14,105,Mercedes-Benz,ML55 AMG,2003
23,85,Volkswagen,New Beetle,2003
24,85,Volkswagen,New Beetle,2003
23,85,Volkswagen,New Beetle,2003
24,88,Volkswagen,GTI,2003
23,88,Volkswagen,GTI,2003
22,88,Volkswagen,GTI,2003
21,65,Audi,TT Coupe,2004
21,65,Audi,TT Coupe quattro,2004
22,65,Audi,TT Coupe quattro,2004
26,81,Acura,RSX,2004
24,81,Acura,RSX,2004
25,81,Acura,RSX,2004
21,79,Mitsubishi,Eclipse,2004
23,79,Mitsubishi,Eclipse,2004
21,79,Mitsubishi,Eclipse,2004
21,79,Mitsubishi,Eclipse,2004
21,79,Mitsubishi,Eclipse,2004
21,79,Mitsubishi,Eclipse,2004
21,79,Mitsubishi,Eclipse,2004
28,78,Toyota,Celica,2004
26,78,Toyota,Celica,2004
25,78,Toyota,Celica,2004
24,78,Toyota,Celica,2004
30,86,Scion,xA,2004
30,86,Scion,xA,2004
23,85,Volkswagen,New Beetle,2004
24,85,Volkswagen,New Beetle,2004
23,85,Volkswagen,New Beetle,2004
36,85,Volkswagen,New Beetle,2004
33,85,Volkswagen,New Beetle,2004
24,85,Volkswagen,New Beetle,2004
24,85,Volkswagen,New Beetle,2004
19,86,Volkswagen,R32,2004
25,95,Ford,Focus,2004
24,95,Ford,Focus,2004
27,95,Ford,Focus,2004
25,95,Ford,Focus,2004
21,95,Ford,Focus,2004
24,95,Ford,Focus,2004
25,95,Ford,Focus,2004
32,85,Honda,Civic,2004
29,85,Honda,Civic,2004
30,85,Honda,Civic,2004
30,85,Honda,Civic,2004
30,85,Honda,Civic,2004
34,85,Honda,Civic,2004
25,85,Honda,Civic,2004
25,88,Kia,Rio,2004
24,88,Kia,Rio,2004
26,88,Kia,Rio,2004
25,88,Kia,Rio,2004
22,93,Kia,Spectra 1.8L,2004
24,93,Kia,Spectra 1.8L,2004
18,89,Lexus,IS 300,2004
18,89,Lexus,IS 300,2004
27,95,Mazda,3,2004
26,95,Mazda,3,2004
26,95,Mazda,3,2004
25,95,Mazda,3,2004
23,95,Mazda,3,2004
23,85,Mercedes-Benz,C230 Kompressor Sports Coupe,2004
23,85,Mercedes-Benz,C230 Kompressor Sports Coupe,2004
19,85,Mercedes-Benz,C320 Sports Coupe,2004
24,91,Suzuki,Aerio,2004
24,91,Suzuki,Aerio,2004
23,91,Suzuki,Aerio AWD,2004
36,88,Volkswagen,Golf,2004
32,88,Volkswagen,Golf,2004
24,88,Volkswagen,Golf,2004
24,88,Volkswagen,Golf,2004
24,88,Volkswagen,GTI,2004
22,88,Volkswagen,GTI,2004
22,88,Volkswagen,GTI,2004
26,95,Hyundai,Elantra Hatchback,2004
25,98,Kia,Spectra 2.0L,2004
25,98,Kia,Spectra 2.0L,2004
24,96,Mazda,6,2004
22,96,Mazda,6,2004
20,96,Mazda,6,2004
19,96,Mazda,6,2004
46,96,Toyota,Prius,2004
22,105,Chevrolet,Malibu Maxx,2004
22,94,Mitsubishi,Lancer Sportback,2004
22,89,Volvo,V40,2004
20,98,Volvo,V70 AWD,2004
20,98,Volvo,V70 FWD,2004
19,98,Volvo,V70 FWD,2004
22,98,Volvo,V70 FWD,2004
22,98,Volvo,V70 FWD,2004
21,98,Volvo,V70 FWD,2004
19,98,Volvo,V70 R AWD,2004
19,98,Volvo,V70 R AWD,2004
19,101,Volvo,XC90 FWD,2004
20,85,Mercedes-Benz,C320 Sports Coupe FFV,2004
21,65,Audi,TT Coupe,2005
21,65,Audi,TT Coupe quattro,2005
20,65,Audi,TT Coupe quattro,2005
26,81,Acura,RSX,2005
23,81,Acura,RSX,2005
25,81,Acura,RSX,2005
21,79,Mitsubishi,Eclipse,2005
23,79,Mitsubishi,Eclipse,2005
21,79,Mitsubishi,Eclipse,2005
21,79,Mitsubishi,Eclipse,2005
21,79,Mitsubishi,Eclipse,2005
21,79,Mitsubishi,Eclipse,2005
21,79,Mitsubishi,Eclipse,2005
28,78,Toyota,Celica,2005
26,78,Toyota,Celica,2005
25,78,Toyota,Celica,2005
24,78,Toyota,Celica,2005
23,85,Scion,tC,2005
22,85,Scion,tC,2005
30,86,Scion,xA,2005
30,86,Scion,xA,2005
24,85,Volkswagen,New Beetle,2005
22,85,Volkswagen,New Beetle,2005
35,85,Volkswagen,New Beetle,2005
33,85,Volkswagen,New Beetle,2005
24,85,Volkswagen,New Beetle,2005
23,85,Volkswagen,New Beetle,2005
25,94,Ford,Focus,2005
26,94,Ford,Focus,2005
23,94,Ford,Focus,2005
32,85,Honda,Civic,2005
29,85,Honda,Civic,2005
30,85,Honda,Civic,2005
30,85,Honda,Civic,2005
34,85,Honda,Civic,2005
30,85,Honda,Civic,2005
25,85,Honda,Civic,2005
26,88,Hyundai,Accent/Brio,2005
28,88,Hyundai,Accent/Brio,2005
26,88,Hyundai,Accent/Brio,2005
27,88,Hyundai,Accent/Brio,2005
24,88,Kia,Rio,2005
25,88,Kia,Rio,2005
18,89,Lexus,IS 300,2005
18,89,Lexus,IS 300,2005
27,95,Mazda,3,2005
26,95,Mazda,3,2005
25,95,Mazda,3,2005
23,95,Mazda,3,2005
24,85,Mercedes-Benz,C230 Kompressor Sports Coupe,2005
23,85,Mercedes-Benz,C230 Kompressor Sports Coupe,2005
18,85,Mercedes-Benz,C320 Sports Coupe,2005
24,91,Suzuki,Aerio,2005
24,91,Suzuki,Aerio,2005
23,91,Suzuki,Aerio AWD,2005
22,95,Suzuki,Reno,2005
22,95,Suzuki,Reno,2005
35,88,Volkswagen,Golf,2005
32,88,Volkswagen,Golf,2005
24,88,Volkswagen,Golf,2005
24,88,Volkswagen,Golf,2005
24,88,Volkswagen,GTI,2005
22,88,Volkswagen,GTI,2005
22,88,Volkswagen,GTI,2005
24,95,Hyundai,Elantra,2005
26,95,Hyundai,Elantra,2005
25,98,Kia,Spectra,2005
25,98,Kia,Spectra,2005
23,96,Mazda,6,2005
22,96,Mazda,6,2005
20,96,Mazda,6,2005
20,96,Mazda,6,2005
46,96,Toyota,Prius,2005
23,106,Chevrolet,Malibu Maxx,2005
22,94,Mitsubishi,Lancer Sportback,2005
20,93,Volvo,V50 AWD,2005
20,93,Volvo,V50 AWD,2005
22,93,Volvo,V50 FWD,2005
22,93,Volvo,V50 FWD,2005
22,93,Volvo,V50 FWD,2005
22,93,Volvo,V50 FWD,2005
20,98,Volvo,V70 AWD,2005
21,98,Volvo,V70 FWD,2005
22,98,Volvo,V70 FWD,2005
20,98,Volvo,V70 FWD,2005
20,98,Volvo,V70 FWD,2005
22,98,Volvo,V70 FWD,2005
19,98,Volvo,V70 R AWD,2005
18,98,Volvo,V70 R AWD,2005
18,101,Volvo,XC90 FWD,2005
19,85,Mercedes-Benz,C320 Sports Coupe FFV,2005
21,65,Audi,TT Coupe,2006
21,65,Audi,TT Coupe quattro,2006
20,65,Audi,TT Coupe quattro,2006
26,81,Acura,RSX,2006
23,81,Acura,RSX,2006
25,81,Acura,RSX,2006
23,80,Mitsubishi,Eclipse,2006
22,80,Mitsubishi,Eclipse,2006
19,80,Mitsubishi,Eclipse,2006
20,80,Mitsubishi,Eclipse,2006
23,85,Scion,tC,2006
22,85,Scion,tC,2006
30,86,Scion,xA,2006
30,86,Scion,xA,2006
34,85,Volkswagen,New Beetle,2006
33,85,Volkswagen,New Beetle,2006
23,85,Volkswagen,New Beetle,2006
23,85,Volkswagen,New Beetle,2006
25,94,Ford,Focus,2006
26,94,Ford,Focus,2006
23,94,Ford,Focus,2006
28,92,Hyundai,Accent,2006
29,92,Hyundai,Accent,2006
29,92,Kia,Rio,2006
29,92,Kia,Rio,2006
27,95,Mazda,3,2006
26,95,Mazda,3,2006
25,95,Mazda,3,2006
24,95,Mazda,3,2006
24,91,Suzuki,Aerio,2006
24,91,Suzuki,Aerio,2006
23,91,Suzuki,Aerio AWD,2006
34,88,Volkswagen,Golf,2006
32,88,Volkswagen,Golf,2006
24,88,Volkswagen,Golf,2006
24,88,Volkswagen,Golf,2006
22,94,Volkswagen,Rabbit,2006
22,94,Volkswagen,Rabbit,2006
24,88,Volkswagen,GTI,2006
22,88,Volkswagen,GTI,2006
24,95,Hyundai,Elantra,2006
26,95,Hyundai,Elantra,2006
25,98,Kia,Spectra,2006
25,98,Kia,Spectra,2006
24,96,Mazda,6,2006
19,96,Mazda,6,2006
23,96,Mazda,6,2006
20,96,Mazda,6,2006
20,96,Mazda,6,2006
46,96,Toyota,Prius,2006
22,106,Chevrolet,Malibu Maxx,2006
19,106,Chevrolet,Malibu Maxx,2006
20,90,Saab,9-2x Wagon AWD,2006
22,90,Saab,9-2x Wagon AWD,2006
21,90,Saab,9-2x Wagon AWD,2006
22,90,Saab,9-2x Wagon AWD,2006
23,96,Saab,9-3 SportCombi,2006
23,96,Saab,9-3 SportCombi,2006
19,96,Saab,9-3 SportCombi,2006
19,96,Saab,9-3 SportCombi,2006
20,93,Volvo,V50 AWD,2006
20,93,Volvo,V50 AWD,2006
22,93,Volvo,V50 FWD,2006
22,93,Volvo,V50 FWD,2006
23,93,Volvo,V50 FWD,2006
22,93,Volvo,V50 FWD,2006
20,98,Volvo,V70 AWD,2006
20,98,Volvo,V70 AWD,2006
21,98,Volvo,V70 FWD,2006
22,98,Volvo,V70 FWD,2006
20,98,Volvo,V70 FWD,2006
21,98,Volvo,V70 FWD,2006
21,98,Volvo,V70 FWD,2006
19,98,Volvo,V70 R AWD,2006
18,98,Volvo,V70 R AWD,2006
18,101,Volvo,XC90 FWD,2006
25,94,Volkswagen,GTI,2006
24,94,Volkswagen,GTI,2006
23,82,Mitsubishi,Eclipse,2007
22,82,Mitsubishi,Eclipse,2007
19,82,Mitsubishi,Eclipse,2007
20,82,Mitsubishi,Eclipse,2007
31,85,Toyota,Yaris,2007
32,85,Toyota,Yaris,2007
26,94,Ford,Focus,2007
27,94,Ford,Focus,2007
23,94,Ford,Focus,2007
28,92,Hyundai,Accent,2007
29,92,Hyundai,Accent,2007
24,94,Volkswagen,GTI,2007
25,94,Volkswagen,GTI,2007
30,90,Honda,Fit,2007
31,90,Honda,Fit,2007
29,90,Honda,Fit,2007
26,91,Chevrolet,Aveo 5,2007
27,91,Chevrolet,Aveo 5,2007
24,85,Scion,tC,2007
23,85,Scion,tC,2007
23,85,Volkswagen,New Beetle,2007
23,85,Volkswagen,New Beetle,2007
22,95,Chevrolet,Optra 5,2007
23,95,Chevrolet,Optra 5,2007
27,95,Mazda,3,2007
26,95,Mazda,3,2007
25,95,Mazda,3,2007
21,95,Mazda,3,2007
24,95,Mazda,3,2007
22,95,Suzuki,Reno,2007
23,95,Suzuki,Reno,2007
22,94,Volkswagen,Rabbit,2007
22,94,Volkswagen,Rabbit,2007
24,96,Mazda,6,2007
19,96,Mazda,6,2007
23,96,Mazda,6,2007
20,96,Mazda,6,2007
20,96,Mazda,6,2007
28,95,Nissan,Versa,2007
27,95,Nissan,Versa,2007
28,95,Nissan,Versa,2007
21,106,Chevrolet,Malibu Maxx,2007
18,106,Chevrolet,Malibu Maxx,2007
20,93,Volvo,V50 AWD,2007
21,93,Volvo,V50 AWD,2007
22,93,Volvo,V50 FWD,2007
23,93,Volvo,V50 FWD,2007
22,93,Volvo,V50 FWD,2007
22,93,Volvo,V50 FWD,2007
20,98,Volvo,V70 AWD,2007
21,98,Volvo,V70 AWD,2007
21,98,Volvo,V70 FWD,2007
22,98,Volvo,V70 FWD,2007
20,98,Volvo,V70 FWD,2007
21,98,Volvo,V70 FWD,2007
21,98,Volvo,V70 FWD,2007
19,98,Volvo,V70 R AWD,2007
18,98,Volvo,V70 R AWD,2007
29,92,Kia,Rio,2007
29,92,Kia,Rio,2007
24,91,Suzuki,Aerio,2007
24,91,Suzuki,Aerio,2007
23,91,Suzuki,Aerio AWD,2007
46,96,Toyota,Prius,2007
22,96,Saab,9-3 SportCombi,2007
21,96,Saab,9-3 SportCombi,2007
19,96,Saab,9-3 SportCombi,2007
18,96,Saab,9-3 SportCombi,2007
26,98,Kia,Spectra,2007
26,98,Kia,Spectra,2007
26,74,Audi,TT Coupe,2008
19,74,Audi,TT Coupe quattro,2008
20,74,Audi,TT Coupe quattro,2008
23,82,Mitsubishi,Eclipse,2008
22,82,Mitsubishi,Eclipse,2008
19,82,Mitsubishi,Eclipse,2008
20,82,Mitsubishi,Eclipse,2008
24,85,Scion,tC,2008
23,85,Scion,tC,2008
25,94,Volkswagen,GTI,2008
28,84,Scion,xD,2008
29,84,Scion,xD,2008
23,85,Volkswagen,New Beetle,2008
23,85,Volkswagen,New Beetle,2008
27,95,Mazda,3,2008
26,95,Mazda,3,2008
25,95,Mazda,3,2008
24,95,Mazda,3,2008
22,95,Suzuki,Reno,2008
23,95,Suzuki,Reno,2008
24,94,Volkswagen,GTI,2008
20,93,Volkswagen,R32,2008
24,94,Volkswagen,Rabbit,2008
24,94,Volkswagen,Rabbit,2008
23,89,Volvo,C30 FWD,2008
23,89,Volvo,C30 FWD,2008
23,89,Volvo,C30 FWD,2008
22,89,Volvo,C30 FWD,2008
27,98,Kia,Spectra,2008
26,98,Kia,Spectra,2008
24,96,Mazda,6,2008
24,96,Mazda,6,2008
20,96,Mazda,6,2008
20,96,Mazda,6,2008
20,95,Mazda,Speed 3,2008
29,95,Nissan,Versa,2008
27,95,Nissan,Versa,2008
28,95,Nissan,Versa,2008
31,85,Toyota,Yaris,2008
32,85,Toyota,Yaris,2008
28,92,Hyundai,Accent,2008
29,92,Hyundai,Accent,2008
29,92,Kia,Rio,2008
29,92,Kia,Rio,2008
46,96,Toyota,Prius,2008
24,74,Audi,TT Coupe quattro,2009
28,91,Chevrolet,Aveo 5,2009
19,82,Mitsubishi,Eclipse,2009
19,82,Mitsubishi,Eclipse,2009
22,82,Mitsubishi,Eclipse,2009
23,82,Mitsubishi,Eclipse,2009
28,91,Pontiac,G3 Wave 5,2009
23,85,Scion,tC,2009
24,85,Scion,tC,2009
23,85,Volkswagen,New Beetle,2009
23,85,Volkswagen,New Beetle,2009
25,94,Volkswagen,GTI,2009
25,94,Volkswagen,GTI,2009
24,94,Volkswagen,Rabbit,2009
24,94,Volkswagen,Rabbit,2009
26,98,Kia,Spectra,2009
27,98,Kia,Spectra,2009
26,74,Audi,TT Coupe,2009
30,91,Chevrolet,Aveo 5,2009
30,91,Pontiac,G3 Wave 5,2009
29,92,Hyundai,Accent,2009
29,92,Hyundai,Accent,2009
25,95,Mazda,3,2009
24,95,Mazda,3,2009
27,95,Mazda,3,2009
25,95,Mazda,3,2009
27,89,Saturn,Astra 2DR Hatchback,2009
27,89,Saturn,Astra 2DR Hatchback,2009
23,89,Volvo,C30 FWD,2009
23,89,Volvo,C30 FWD,2009
23,89,Volvo,C30 FWD,2009
23,89,Volvo,C30 FWD,2009
20,95,Mazda,Speed 3,2009
28,95,Nissan,Versa,2009
29,95,Nissan,Versa,2009
27,95,Nissan,Versa,2009
27,92,Saturn,Astra 4DR Hatchback,2009
27,92,Saturn,Astra 4DR Hatchback,2009
20,74,Audi,TT Coupe quattro,2009
20,74,Audi,TT Coupe quattro,2009
29,84,Scion,xD,2009
28,84,Scion,xD,2009
32,84,Toyota,Yaris,2009
31,84,Toyota,Yaris,2009
30,92,Kia,Rio,2009
30,92,Kia,Rio,2009
27,95,Dodge,Caliber,2009
24,95,Dodge,Caliber,2009
25,95,Dodge,Caliber,2009
23,95,Dodge,Caliber,2009
22,95,Dodge,Caliber,2009
46,96,Toyota,Prius,2009
20,95,Mitsubishi,Lancer Sportback,2009
22,95,Mitsubishi,Lancer Sportback,2009
23,95,Mitsubishi,Lancer Sportback,2009
24,85,Scion,tC,2010
23,85,Scion,tC,2010
28,95,Mazda,3,2010
27,95,Mazda,3,2010
24,95,Mazda,3,2010
25,95,Mazda,3,2010
21,95,Mazda,Speed 3,2010
50,94,Toyota,Prius,2010
28,95,Nissan,Versa,2009
29,95,Nissan,Versa,2009
30,95,Nissan,Versa FE,2009
24,74,Audi,TT Coupe quattro,2010
25,94,Volkswagen,Golf,2010
26,94,Volkswagen,Golf,2010
25,94,Volkswagen,GTI,2010
24,89,Volvo,C30 FWD,2010
24,89,Volvo,C30 FWD,2010
26,95,Dodge,Caliber,2010
20,95,Mitsubishi,Lancer Sportback,2010
22,95,Mitsubishi,Lancer Sportback,2010
23,95,Mitsubishi,Lancer Sportback,2010
29,84,Scion,xD,2010
29,84,Scion,xD,2010
23,85,Volkswagen,New Beetle,2010
23,85,Volkswagen,New Beetle,2010
30,92,Hyundai,Accent,2010
30,92,Hyundai,Accent,2010
27,94,Volkswagen,GTI,2010
24,89,Volvo,C30 FWD,2010
24,89,Volvo,C30 FWD,2010
32,94,Volkswagen,Golf,2010
32,94,Volkswagen,Golf,2010
32,89,Audi,A3,2010
31,84,Toyota,Yaris,2010
32,84,Toyota,Yaris,2010
31,91,Honda,Fit,2010
29,91,Honda,Fit,2010
30,91,Honda,Fit,2010
31,80,MINI,Clubman,2010
28,80,MINI,Clubman,2010
29,80,MINI,Clubman S,2010
27,80,MINI,Clubman S,2010
30,92,Kia,Rio,2010
31,92,Kia,Rio,2010
25,95,Dodge,Caliber,2010
23,95,Dodge,Caliber,2010
25,95,Dodge,Caliber,2010
28,80,MINI,John Cooper Works Clubman,2010
31,92,Hyundai,Accent Blue,2010
28,95,Nissan,Versa,2010
29,95,Nissan,Versa,2010
27,95,Nissan,Versa,2010
30,95,Nissan,Versa,2010
28,95,Nissan,Versa,2010
31,85,Ford,Fiesta,2011
32,85,Ford,Fiesta,2011
33,85,Ford,Fiesta SFE,2011
30,92,Kia,Rio,2011
30,92,Kia,Rio,2011
24,89,Volvo,C30 FWD,2011
24,89,Volvo,C30 FWD,2011
26,74,Audi,TT Coupe quattro,2011
28,91,Chevrolet,Aveo 5,2011
28,91,Suzuki,Swift x,2011
29,91,Chevrolet,Aveo 5,2011
29,91,Suzuki,Swift x,2011
25,94,Volkswagen,GTI,2011
30,92,Hyundai,Accent,2011
30,92,Hyundai,Accent,2011
29,92,Hyundai,Accent Blue,2011
31,87,Mazda,2,2011
29,87,Mazda,2,2011
28,95,Mazda,3,2011
27,95,Mazda,3,2011
23,95,Mazda,3,2011
25,95,Mazda,3,2011
27,94,Volkswagen,Golf,2011
26,94,Volkswagen,Golf,2011
27,94,Volkswagen,GTI,2011
30,95,Nissan,Versa,2011
27,95,Nissan,Versa,2011
28,95,Nissan,Versa,2011
28,95,Nissan,Versa,2011
28,95,Nissan,Versa,2011
21,95,Mazda,Speed 3,2011
21,101,Acura,RDX 2WD,2011
27,95,Mitsubishi,Lancer Sportback,2011
25,95,Mitsubishi,Lancer Sportback,2011
20,95,Mitsubishi,Lancer Sportback,2011
34,69,Honda,CR-Z,2011
36,69,Honda,CR-Z,2011
30,80,MINI,Clubman,2011
30,80,MINI,Clubman,2011
28,80,MINI,Cooper S Clubman,2011
30,80,MINI,Cooper S Clubman,2011
28,80,MINI,John Cooper Works Clubman,2011
29,84,Scion,xD,2011
29,84,Scion,xD,2011
31,84,Toyota,Yaris,2011
31,84,Toyota,Yaris,2011
27,87,MINI,Cooper Countryman,2011
30,87,MINI,Cooper Countryman,2011
25,90,Scion,tC,2011
25,90,Scion,tC,2011
32,94,Volkswagen,Golf,2011
32,94,Volkswagen,Golf,2011
27,95,Mitsubishi,Lancer Sportback,2011
25,95,Mitsubishi,Lancer Sportback,2011
24,96,Dodge,Caliber,2011
24,96,Dodge,Caliber,2011
27,96,Dodge,Caliber,2011
48,94,Toyota,Prius,2011
28,97,Kia,Forte,2011
29,97,Kia,Forte,2011
25,96,Dodge,Caliber,2011
99,90,Nissan,Leaf,2011
37,90,Chevrolet,Volt,2011
42,86,Lexus,CT 200h,2011
26,97,Kia,Forte,2011
26,97,Kia,Forte,2011
31,91,Honda,Fit,2011
29,91,Honda,Fit,2011
30,91,Honda,Fit,2011
29,76,Fiat,500,2012
32,76,Fiat,500,2012
29,76,Fiat,500 Cabrio,2012
25,85,Volkswagen,Beetle,2012
25,85,Volkswagen,Beetle,2012
31,90,Ford,Focus FWD,2012
30,90,Ford,Focus FWD,2012
29,90,Ford,Focus FWD,2012
32,90,Ford,Focus SFE FWD,2012
31,90,Hyundai,Accent,2012
32,90,Hyundai,Accent,2012
26,94,Volkswagen,Golf,2012
26,94,Volkswagen,Golf,2012
27,94,Volkswagen,GTI,2012
25,94,Volkswagen,GTI,2012
24,89,Volvo,C30 FWD,2012
22,94,Audi,A7 quattro,2012
22,108,Kia,Rondo,2012
21,108,Kia,Rondo,2012
25,90,Scion,tC,2012
25,90,Scion,tC,2012
24,89,Volvo,C30 FWD,2012
26,74,Audi,TT Coupe quattro,2012
20,74,Audi,TT RS Coupe,2012
23,95,Mazda,3,2012
25,95,Mazda,3,2012
32,94,Volkswagen,Golf,2012
32,94,Volkswagen,Golf,2012
21,95,Mazda,Speed 3,2012
37,90,Chevrolet,Volt,2012
37,74,Scion,iQ,2012
32,85,Ford,Fiesta FWD,2012
32,85,Ford,Fiesta FWD,2012
32,85,Ford,Fiesta SFE FWD,2012
30,80,MINI,Cooper Clubman,2012
30,80,MINI,Cooper Clubman,2012
28,80,MINI,Cooper S Clubman,2012
30,80,MINI,Cooper S Clubman,2012
28,80,MINI,John Cooper Works Clubman,2012
112,85,Mitsubishi,i-MiEV,2012
31,90,Kia,Rio,2012
32,90,Kia,Rio,2012
42,86,Lexus,CT 200h,2012
28,95,Mazda,3,2012
27,95,Mazda,3,2012
31,87,Mazda,2,2012
30,87,Mazda,2,2012
27,87,MINI,Cooper Countryman,2012
30,87,MINI,Cooper Countryman,2012
30,95,Nissan,Versa,2012
27,95,Nissan,Versa,2012
28,95,Nissan,Versa,2012
33,95,Nissan,Versa,2012
30,95,Nissan,Versa,2012
31,85,Toyota,Yaris,2012
33,85,Toyota,Yaris,2012
29,97,Kia,Forte,2012
28,97,Kia,Forte,2012
26,97,Kia,Forte,2012
26,97,Kia,Forte,2012
48,94,Toyota,Prius,2012
24,94,Acura,TSX Wagon,2012
24,96,Dodge,Caliber,2012
27,96,Dodge,Caliber,2012
24,96,Dodge,Caliber,2012
29,91,Honda,Fit,2012
31,91,Honda,Fit,2012
30,91,Honda,Fit,2012
41,97,Toyota,Prius v,2012
29,84,Scion,xD,2012
29,84,Scion,xD,2012
24,85,Volkswagen,Beetle,2012
25,85,Volkswagen,Beetle,2012
30,95,Mazda,3 DI 5-Door,2012
31,95,Mazda,3 DI 5-Door,2012
27,95,Mitsubishi,Lancer Sportback,2012
25,95,Mitsubishi,Lancer Sportback,2012
99,90,Nissan,Leaf,2012
50,87,Toyota,Prius c,2012
22,93,Volkswagen,Golf R,2012
31,89,Kia,Rio,2013
32,89,Kia,Rio,2013
32,89,Kia,Rio Eco,2013
105,90,Ford,Focus Electric,2012
30,76,Fiat,500 Abarth,2012
29,90,Ford,Focus FWD FFV,2012
31,90,Ford,Focus FWD FFV,2012
32,90,Ford,Focus SFE FWD FFV,2012
13,90,Ferrari,FF,2012
13,90,Ferrari,FF,2012
31,90,Hyundai,Accent,2013
32,90,Hyundai,Accent,2013
31,97,Dodge,Dart,2013
29,97,Dodge,Dart,2013
50,94,Toyota,Prius Plug-in Hybrid,2012
32,85,Ford,Fiesta FWD,2013
32,85,Ford,Fiesta FWD,2013
32,85,Ford,Fiesta SFE FWD,2013
25,90,Scion,tC,2013
25,90,Scion,tC,2013
89,94,Tesla,Model S,2012
20,74,Audi,TT RS Coupe,2013
27,94,Volkswagen,GTI,2013
22,94,Volkswagen,Golf R,2013
24,89,Volvo,C30 FWD,2013
24,89,Volvo,C30 FWD,2013
27,97,Dodge,Dart,2013
30,96,Hyundai,Elantra GT,2013
30,96,Hyundai,Elantra GT,2013
29,97,Kia,Forte,2013
28,97,Kia,Forte,2013
26,97,Kia,Forte,2013
26,97,Kia,Forte,2013
37,90,Chevrolet,Volt,2013
30,85,Volkswagen,Beetle,2013
32,94,Volkswagen,Golf,2013
32,94,Volkswagen,Golf,2013
21,94,Audi,A7 quattro,2013
31,87,Mazda,2,2013
24,85,Volkswagen,Beetle,2013
32,85,Volkswagen,Beetle,2013
24,108,Hyundai,Santa Fe Sport 2WD,2013
23,108,Hyundai,Santa Fe Sport 2WD,2013
22,108,Hyundai,Santa Fe Sport 4WD,2013
21,108,Hyundai,Santa Fe Sport 4WD,2013
37,74,Scion,iQ,2013
30,80,MINI,Cooper Clubman,2013
30,80,MINI,Cooper Clubman,2013
29,80,MINI,Cooper S Clubman,2013
29,80,MINI,Cooper S Clubman,2013
29,80,MINI,John Cooper Works Clubman,2013
29,80,MINI,John Cooper Works Clubman,2013
30,90,Ford,Focus FWD,2013
30,90,Ford,Focus FWD,2013
29,90,Ford,Focus FWD,2013
26,90,Ford,Focus FWD,2013
30,90,Ford,Focus FWD FFV,2013
30,90,Ford,Focus FWD FFV,2013
29,90,Ford,Focus FWD FFV,2013
32,90,Ford,Focus SFE FWD FFV,2013
30,87,Mazda,2,2013
28,95,Mazda,3,2013
27,95,Mazda,3,2013
23,95,Mazda,3,2013
25,95,Mazda,3,2013
27,87,MINI,Cooper Countryman,2013
30,87,MINI,Cooper Countryman,2013
26,94,Volkswagen,Golf,2013
25,85,Volkswagen,Beetle,2013
25,85,Volkswagen,Beetle,2013
25,94,Volkswagen,GTI,2013
26,94,Volkswagen,Golf,2013
25,85,Volkswagen,Beetle,2013
20,94,Audi,S7,2013
26,98,BMW,X1 xDrive28i,2013
27,98,BMW,X1 sDrive28i,2013
21,98,BMW,X1 xDrive35i,2013
30,95,Mazda,3 DI 5-Door,2013
31,95,Mazda,3 DI 5-Door,2013
21,95,Mazda,Speed 3,2013
105,90,Ford,Focus Electric,2013
30,76,Fiat,500,2013
30,76,Fiat,500 Abarth,2013
29,76,Fiat,500,2013
34,76,Fiat,500,2013
25,90,Suzuki,SX4 AWD,2013
25,90,Suzuki,SX4 AWD,2013
25,90,Suzuki,SX4,2013
25,90,Suzuki,SX4,2013
30,97,Dodge,Dart,2013
29,84,Scion,xD,2013
29,84,Scion,xD,2013
32,97,Dodge,Dart Aero,2013
32,97,Dodge,Dart Aero,2013
13,90,Ferrari,FF,2013
13,90,Ferrari,FF,2013
42,86,Lexus,CT 200h,2013
32,85,Toyota,Yaris,2013
33,85,Toyota,Yaris,2013
121,73,Scion,iQ EV,2013
50,87,Toyota,Prius c,2013
48,94,Toyota,Prius,2013
50,94,Toyota,Prius Plug-in Hybrid,2013
112,85,Mitsubishi,i-MiEV,2013
31,90,Ford,Focus FWD FFV,2012
95,94,Tesla,Model S (60 kW-hr battery pack),2013
89,94,Tesla,Model S (85 kW-hr battery pack),2013
116,76,Fiat,500e,2013
27,97,Dodge,Dart,2013
27,87,MINI,Cooper Countryman Coupe,2013
30,87,MINI,Cooper Countryman Coupe,2013
21,98,BMW,X1 xDrive35i,2014
26,98,BMW,X1 xDrive28i,2014
26,97,Dodge,Dart,2013
26,98,BMW,X1 sDrive28i,2014
115,92,Nissan,Leaf,2013
35,94,Nissan,Versa,2014
30,94,Nissan,Versa,2014
30,94,Nissan,Versa,2014
30,85,Ford,Fiesta FWD,2014
30,85,Ford,Fiesta FWD,2014
94,94,Tesla,Model S (40 kW-hr battery pack),2013
37,74,Scion,iQ,2014
26,90,Scion,tC,2014
26,90,Scion,tC,2014
29,85,Ford,Fiesta ST FWD,2014
32,94,Volkswagen,Golf,2014
32,94,Volkswagen,Golf,2014
32,85,Volkswagen,Beetle,2014
30,85,Volkswagen,Beetle,2014
29,94,Audi,A7 quattro,2014
20,94,Audi,S7,2014
19,94,Audi,RS 7,2014
21,94,Audi,A7 quattro,2014
13,90,Ferrari,FF,2014
13,90,Ferrari,FF,2014
37,90,Chevrolet,Volt,2014
24,97,Dodge,Dart,2013
31,85,Ford,Fiesta SFE FWD,2014
33,85,Toyota,Yaris,2014
32,85,Toyota,Yaris,2014
26,85,Volkswagen,Beetle,2014
32,96,Mazda,3 5-Door,2014
33,96,Mazda,3 5-Door,2014
29,80,MINI,Cooper Clubman,2014
29,80,MINI,Cooper S Clubman,2014
29,80,MINI,John Cooper Works Clubman,2014
30,90,Ford,Focus FWD,2014
30,90,Ford,Focus FWD,2014
29,90,Ford,Focus FWD,2014
26,90,Ford,Focus FWD,2014
30,90,Ford,Focus FWD FFV,2014
30,90,Ford,Focus FWD FFV,2014
29,90,Ford,Focus FWD FFV,2014
27,87,MINI,Cooper Countryman,2014
27,87,MINI,Cooper Paceman,2014
28,87,MINI,Cooper S Countryman,2014
28,87,MINI,Cooper S Countryman,2014
26,87,MINI,Cooper S Countryman All4,2014
27,87,MINI,Cooper S Countryman All4,2014
28,87,MINI,Cooper S Paceman,2014
28,87,MINI,Cooper S Paceman,2014
26,87,MINI,Cooper S Paceman All4,2014
27,87,MINI,Cooper S Paceman All4,2014
26,87,MINI,JCW Countryman All4,2014
27,87,MINI,JCW Countryman All4,2014
26,87,MINI,JCW Paceman All4,2014
27,87,MINI,JCW Paceman All4,2014
30,80,MINI,Cooper Clubman,2014
29,80,MINI,Cooper S Clubman,2014
29,80,MINI,John Cooper Works Clubman,2014
32,90,Ford,Focus SFE FWD FFV,2014
30,87,MINI,Cooper Countryman,2014
30,87,MINI,Cooper Paceman,2014
26,94,Volkswagen,Golf,2014
25,85,Volkswagen,Beetle,2014
25,85,Volkswagen,Beetle,2014
24,102,BMW,335i xDrive Gran Turismo,2014
105,90,Ford,Focus Electric,2014
31,87,Mazda,2,2014
30,87,Mazda,2,2014
27,94,Volkswagen,GTI,2014
25,94,Volkswagen,GTI,2014
26,102,BMW,328i xDrive Gran Turismo,2014
30,96,Mazda,3 5-Door,2014
32,96,Mazda,3 5-Door,2014
29,84,Scion,xD,2014
29,84,Scion,xD,2014
30,76,Fiat,500,2014
30,76,Fiat,500 Abarth,2014
36,86,Mitsubishi,Mirage,2014
39,86,Mitsubishi,Mirage,2014
116,72,Fiat,500e,2014
26,85,Volkswagen,Beetle,2014
35,85,Ford,Fiesta SFE FWD,2014
27,97,Dodge,Dart,2014
32,97,Dodge,Dart Aero,2014
32,97,Dodge,Dart Aero,2014
27,97,Dodge,Dart,2014
29,97,Dodge,Dart,2014
25,97,Dodge,Dart GT,2014
26,97,Dodge,Dart GT,2014
48,94,Toyota,Prius,2014
50,94,Toyota,Prius Plug-in Hybrid,2014
42,86,Lexus,CT 200h,2014
29,76,Fiat,500,2014
33,76,Fiat,500,2014
31,89,Kia,Rio Eco,2014
30,89,Kia,Rio,2014
30,89,Kia,Rio,2014
27,97,Dodge,Dart,2014
27,96,Hyundai,Elantra GT,2014
27,96,Hyundai,Elantra GT,2014
30,90,Hyundai,Accent,2014
31,90,Hyundai,Accent,2014
24,98,Kia,Forte 5,2014
24,98,Kia,Forte 5,2014
27,98,Kia,Forte 5,2014
27,98,Kia,Forte 5,2014
50,87,Toyota,Prius c,2014
27,85,Volkswagen,Beetle,2014
27,85,Volkswagen,Beetle,2014
114,92,Nissan,Leaf,2014
36,74,Scion,iQ,2011
24,94,Acura,TSX Wagon,2011
89,94,Tesla,Model S (85 kW-hr battery pack),2014
95,94,Tesla,Model S (60 kW-hr battery pack),2014
30,97,Dodge,Dart,2014
31,80,MINI,Cooper (3-doors),2014
33,80,MINI,Cooper (3-doors),2014
28,80,MINI,Cooper S (3-doors),2014
27,87,MINI,Cooper Countryman,2015
27,87,MINI,Cooper Paceman,2015
28,87,MINI,Cooper S Countryman,2015
28,87,MINI,Cooper S Countryman,2015
26,87,MINI,Cooper S Countryman All4,2015
27,87,MINI,Cooper S Countryman All4,2015
28,87,MINI,Cooper S Paceman,2015
28,87,MINI,Cooper S Paceman,2015
26,87,MINI,Cooper S Paceman All4,2015
27,87,MINI,Cooper S Paceman All4,2015
26,87,MINI,JCW Countryman All4,2015
27,87,MINI,JCW Countryman All4,2015
26,87,MINI,JCW Paceman All4,2015
27,87,MINI,JCW Paceman All4,2015
28,93,Volkswagen,GTI,2015
28,93,Volkswagen,GTI,2015
26,98,BMW,X1 xDrive28i,2015
21,98,BMW,X1 xDrive35i,2015
26,98,BMW,X1 sDrive28i,2015
29,80,MINI,Cooper S (3-doors),2014
29,87,MINI,Cooper Countryman,2015
29,87,MINI,Cooper Paceman,2015
34,94,Nissan,Versa,2015
30,94,Nissan,Versa,2015
29,94,Nissan,Versa,2015
112,85,Mitsubishi,i-MiEV,2014
114,92,Nissan,Leaf,2015
28,98,Kia,Forte 5,2015
24,98,Kia,Forte 5,2015
24,98,Kia,Forte 5,2015
36,86,Mitsubishi,Mirage,2015
39,86,Mitsubishi,Mirage,2015
26,90,Scion,tC,2015
26,90,Scion,tC,2015
20,94,Audi,S7,2015
18,94,Audi,RS 7,2015
30,91,Chevrolet,Sonic 5,2015
29,94,Audi,A7 quattro,2015
21,94,Audi,A7 quattro,2015
29,76,Fiat,500,2015
27,76,Fiat,500,2015
34,76,Fiat,500,2015
30,76,Fiat,500,2015
27,76,Fiat,500 Abarth,2015
30,76,Fiat,500 Abarth,2015
30,85,Ford,Fiesta FWD,2015
35,85,Ford,Fiesta SFE FWD,2015
29,85,Ford,Fiesta ST FWD,2015
116,72,Fiat,500e,2015
32,91,Chevrolet,Sonic 5,2015
28,91,Chevrolet,Sonic 5,2015
29,91,Chevrolet,Sonic 5,2015
37,90,Chevrolet,Volt,2015
32,96,Mazda,3 5-Door,2015
33,96,Mazda,3 5-Door,2015
30,96,Mazda,3 5-Door,2015
32,96,Mazda,3 5-Door,2015
29,96,Mazda,3 5-Door,2015
30,89,Kia,Rio,2015
30,89,Kia,Rio,2015
32,85,Toyota,Yaris,2015
33,85,Toyota,Yaris,2015
27,85,Volkswagen,Beetle,2015
27,85,Volkswagen,Beetle,2015
26,85,Volkswagen,Beetle,2015
26,85,Volkswagen,Beetle,2015
29,93,Volkswagen,Golf,2015
35,93,Volkswagen,Golf,2015
29,93,Volkswagen,Golf,2015
35,93,Volkswagen,Golf,2015
26,102,BMW,328i xDrive Gran Turismo,2015
30,85,Ford,Fiesta FWD,2015
23,84,Audi,Q3 quattro,2015
23,84,Audi,Q3,2015
23,102,BMW,335i xDrive Gran Turismo,2015
30,97,Dodge,Dart,2015
27,97,Dodge,Dart,2015
27,97,Dodge,Dart,2015
29,97,Dodge,Dart,2015
27,97,Dodge,Dart,2015
32,97,Dodge,Dart Aero,2015
32,97,Dodge,Dart Aero,2015
25,97,Dodge,Dart GT,2015
26,97,Dodge,Dart GT,2015
37,74,Scion,iQ,2015
31,89,Kia,Rio Eco,2015
13,90,Ferrari,FF,2015
13,90,Ferrari,FF,2015
48,94,Toyota,Prius,2015
50,94,Toyota,Prius Plug-in Hybrid,2015
42,86,Lexus,CT 200h,2015
34,85,Volkswagen,Beetle,2015
34,85,Volkswagen,Beetle,2015
50,87,Toyota,Prius c,2015
31,80,MINI,Cooper (3-doors),2015
32,80,MINI,Cooper (3-doors),2015
31,84,MINI,Cooper (5-doors),2015
32,84,MINI,Cooper (5-doors),2015
28,80,MINI,Cooper S (3-doors),2015
27,80,MINI,Cooper S (3-doors),2015
28,84,MINI,Cooper S (5-doors),2015
27,84,MINI,Cooper S (5-doors),2015
30,90,Hyundai,Accent,2015
31,90,Hyundai,Accent,2015
116,91,Volkswagen,e-Golf,2015
27,96,Hyundai,Elantra GT,2015
26,93,Volkswagen,Golf R,2015
27,96,Hyundai,Elantra GT,2015
32,90,Ford,Focus FWD,2015
31,90,Ford,Focus FWD,2015
30,90,Ford,Focus FWD,2015
29,90,Ford,Focus FWD,2015
26,90,Ford,Focus FWD,2015
31,90,Ford,Focus FWD FFV,2015
30,90,Ford,Focus FWD FFV,2015
29,90,Ford,Focus FWD FFV,2015
34,90,Ford,Focus SFE FWD,2015
105,90,Ford,Focus Electric,2015
89,94,Tesla,Model S (85 kW-hr battery pack),2015
89,94,Tesla,Model S AWD (85 kW-hr battery pack),2014
24,94,Audi,A7 quattro,2016
93,94,Tesla,Model S AWD - P85D,2015
100,94,Tesla,Model S AWD - 85D,2015
95,94,Tesla,Model S (60 kW-hr battery pack),2015
27,96,Hyundai,Elantra GT,2016
112,85,Mitsubishi,i-MiEV,2016
27,96,Hyundai,Elantra GT,2016
27,80,MINI,John Cooper Works Hardtop,2015
25,80,MINI,John Cooper Works Hardtop,2015
31,89,Kia,Rio Eco,2016
30,89,Kia,Rio,2016
31,89,Kia,Rio,2016
101,94,Tesla,Model S AWD - 70D,2015
34,87,Mazda,2,2016
36,87,Mazda,2,2016
30,94,Audi,A7 quattro,2016
21,94,Audi,S7,2016
32,85,Toyota,Yaris,2016
33,85,Toyota,Yaris,2016
31,88,Mazda,CX-3 2WD,2016
29,88,Mazda,CX-3 4WD,2016
24,98,Kia,Forte 5,2016
24,98,Kia,Forte 5,2016
28,98,Kia,Forte 5,2016
30,90,Hyundai,Accent,2016
31,90,Hyundai,Accent,2016
18,94,Audi,RS 7,2016
30,97,Dodge,Dart,2016
32,97,Dodge,Dart Aero,2016
32,97,Dodge,Dart Aero,2016
23,84,Audi,Q3,2016
23,84,Audi,Q3 quattro,2016
25,93,Volkswagen,Golf R,2016
25,93,Volkswagen,Golf R,2016
29,97,Dodge,Dart,2016
26,97,Dodge,Dart GT,2016
27,97,Dodge,Dart,2016
27,97,Dodge,Dart,2016
25,97,Dodge,Dart GT,2016
27,97,Dodge,Dart,2016
32,96,Mazda,3 5-Door,2016
33,96,Mazda,3 5-Door,2016
29,96,Mazda,3 5-Door,2016
30,96,Mazda,3 5-Door,2016
32,96,Mazda,3 5-Door,2016
28,80,MINI,Cooper S Hardtop 2 door,2016
27,80,MINI,Cooper S Hardtop 2 door,2016
28,84,MINI,Cooper S Hardtop 4 door,2016
27,84,MINI,Cooper S Hardtop 4 door,2016
27,87,MINI,Cooper Countryman,2016
27,87,MINI,Cooper Paceman,2016
34,94,Nissan,Versa,2016
30,94,Nissan,Versa,2016
29,94,Nissan,Versa,2016
26,90,Scion,tC,2016
26,90,Scion,tC,2016
28,93,Volkswagen,GTI,2016
28,93,Volkswagen,GTI,2016
29,93,Volkswagen,Golf,2016
29,93,Volkswagen,Golf,2016
29,87,MINI,Cooper Countryman,2016
29,87,MINI,Cooper Paceman,2016
28,87,MINI,Cooper S Countryman,2016
28,87,MINI,Cooper S Countryman,2016
26,87,MINI,Cooper S Countryman All4,2016
27,87,MINI,Cooper S Countryman All4,2016
28,87,MINI,Cooper S Paceman,2016
28,87,MINI,Cooper S Paceman,2016
26,87,MINI,Cooper S Paceman All4,2016
27,87,MINI,Cooper S Paceman All4,2016
26,87,MINI,JCW Countryman All4,2016
27,87,MINI,JCW Countryman All4,2016
26,87,MINI,JCW Paceman All4,2016
27,87,MINI,JCW Paceman All4,2016
28,85,Volkswagen,Beetle,2016
28,85,Volkswagen,Beetle,2016
26,85,Volkswagen,Beetle,2016
26,102,BMW,328i xDrive Gran Turismo,2016
30,85,Ford,Fiesta FWD,2016
30,85,Ford,Fiesta FWD,2016
35,85,Ford,Fiesta SFE FWD,2016
32,84,MINI,Cooper Hardtop 4 door,2016
27,80,MINI,John Cooper Works Hardtop,2016
25,80,MINI,John Cooper Works Hardtop,2016
29,85,Ford,Fiesta ST FWD,2016
23,102,BMW,335i xDrive Gran Turismo,2016
100,94,Tesla,Model S AWD - 90D,2015
93,94,Tesla,Model S AWD - P90D,2015
30,80,MINI,Cooper Hardtop 2 door,2016
30,84,MINI,Cooper Hardtop 4 door,2016
116,91,Volkswagen,e-Golf,2016
29,76,Fiat,500,2016
27,76,Fiat,500,2016
34,76,Fiat,500,2016
30,76,Fiat,500,2016
27,76,Fiat,500 Abarth,2016
30,76,Fiat,500 Abarth,2016
32,80,MINI,Cooper Hardtop 2 door,2016
42,90,Chevrolet,Volt,2016
42,86,Lexus,CT 200h,2016
26,85,Volkswagen,Beetle,2016
31,90,Scion,iM,2016
30,90,Scion,iM,2016
25,101,BMW,X1 xDrive28i,2016
13,90,Ferrari,FF,2016
13,90,Ferrari,FF,2016
105,91,Ford,Focus Electric,2016
92,94,Tesla,Model X AWD - 90D,2016
89,94,Tesla,Model X AWD - P90D,2016
34,90,Ford,Focus FWD,2016
31,91,Ford,Focus FWD FFV,2016
30,91,Ford,Focus FWD FFV,2016
29,91,Ford,Focus FWD FFV,2016
31,90,Ford,Focus FWD,2016
30,90,Ford,Focus FWD,2016
29,90,Ford,Focus FWD,2016
32,90,Ford,Focus FWD,2016
25,90,Ford,Focus ST FWD,2016
114,92,Nissan,Leaf (24 kW-hr battery pack),2016
112,92,Nissan,Leaf (30 kW-hr battery pack),2016
27,92,MINI,Cooper S Clubman,2016
50,87,Toyota,Prius c,2016
25,92,MINI,Cooper S Clubman,2016
35,89,Audi,A3 e-tron,2016
39,89,Audi,A3 e-tron ultra,2016
28,92,MINI,Cooper Clubman,2016
28,92,MINI,Cooper Clubman,2016
112,72,Fiat,500e,2016
52,91,Toyota,Prius,2016
56,91,Toyota,Prius Eco,2016
89,94,Tesla,Model S (70 kW-hr battery pack),2016
89,94,Tesla,Model S (85 kW-hr battery pack),2016
89,94,Tesla,Model S (90 kW-hr battery pack),2016
89,94,Tesla,Model S (90 kW-hr battery pack),2015
101,94,Tesla,Model S AWD - 70D,2016
100,94,Tesla,Model S AWD - 85D,2016
103,94,Tesla,Model S AWD - 90D,2016
93,94,Tesla,Model S AWD - P85D,2016
95,94,Tesla,Model S AWD - P90D,2016
36,86,Mitsubishi,Mirage,2017
39,86,Mitsubishi,Mirage,2017
112,85,Mitsubishi,i-MiEV,2017
22,90,Ford,Focus RS AWD,2016
42,90,Chevrolet,Volt,2017
27,96,Hyundai,Elantra GT,2017
26,92,MINI,Cooper S Clubman All4,2017
24,92,MINI,Cooper S Clubman All4,2017
27,96,Hyundai,Elantra GT,2017
25,108,Subaru,Forester AWD,2017
31,89,Kia,Rio Eco,2017
30,89,Kia,Rio,2017
31,89,Kia,Rio,2017
98,94,Tesla,Model S (75 kW-hr battery pack),2016
103,94,Tesla,Model S AWD - 75D,2016
93,94,Tesla,Model X AWD - 75D,2016
28,108,Subaru,Forester AWD,2017
27,85,Volkswagen,Beetle Dune,2016
30,90,Hyundai,Accent,2017
31,90,Hyundai,Accent,2017
31,88,Mazda,CX-3 2WD,2017
29,88,Mazda,CX-3 4WD,2017
31,97,Dodge,Dart,2016
42,86,Lexus,CT 200h,2017
24,94,Audi,A7 quattro,2017
21,94,Audi,S7,2017
18,94,Audi,RS 7,2017
13,70,Ferrari,GTC4Lusso,2017
30,80,MINI,Cooper Hardtop 2 door,2017
32,80,MINI,Cooper Hardtop 2 door,2017
30,84,MINI,Cooper Hardtop 4 door,2017
32,84,MINI,Cooper Hardtop 4 door,2017
28,92,MINI,Cooper Clubman,2017
28,92,MINI,Cooper Clubman,2017
112,72,Fiat,500e,2017
72,88,BYD,e6,2016
29,76,Fiat,500,2017
34,76,Fiat,500,2017
27,76,Fiat,500,2017
30,76,Fiat,500,2017
27,76,Fiat,500 Abarth,2017
30,76,Fiat,500 Abarth,2017
28,80,MINI,Cooper S Hardtop 2 door,2017
26,80,MINI,Cooper S Hardtop 2 door,2017
28,84,MINI,Cooper S Hardtop 4 door,2017
26,84,MINI,Cooper S Hardtop 4 door,2017
28,80,MINI,John Cooper Works Hardtop,2017
26,80,MINI,John Cooper Works Hardtop,2017
23,84,Audi,Q3,2017
27,92,MINI,Cooper S Clubman,2017
23,84,Audi,Q3 quattro,2017
32,94,Chevrolet,Cruze Hatchback,2017
31,94,Chevrolet,Cruze Premier Hatchback,2017
31,94,Chevrolet,Cruze Hatchback,2017
25,93,Volkswagen,Golf R,2017
25,93,Volkswagen,Golf R,2017
25,101,BMW,X1 xDrive28i,2017
26,101,BMW,X1 sDrive28i,2017
24,108,Subaru,Forester AWD,2017
32,85,Toyota,Yaris,2017
33,85,Toyota,Yaris,2017
27,93,Volkswagen,GTI,2017
28,93,Volkswagen,GTI,2017
29,93,Volkswagen,Golf,2017
29,93,Volkswagen,Golf,2017
34,87,Mazda,2,2017
35,87,Mazda,2,2017
24,102,BMW,340i xDrive Gran Turismo,2017
27,89,Infiniti,QX30,2017
25,89,Infiniti,QX30 AWD,2017
34,94,Nissan,Versa,2017
30,94,Nissan,Versa,2017
29,94,Nissan,Versa,2017
52,91,Toyota,Prius,2017
56,91,Toyota,Prius Eco,2017
31,90,Toyota,Corolla iM,2017
30,90,Toyota,Corolla iM,2017
28,98,Kia,Forte 5,2017
27,98,Kia,Forte 5,2017
25,98,Kia,Forte 5,2017
99,94,Tesla,Model S (60 kW-hr battery pack),2016
104,94,Tesla,Model S AWD - 60D,2016
98,94,Tesla,Model S AWD - P100D,2016
93,94,Tesla,Model X AWD - 60D,2016
25,92,MINI,Cooper S Clubman,2017
26,92,MINI,Cooper Clubman All4,2017
34,89,Audi,A3 e-tron,2017
26,85,Volkswagen,Beetle,2017
28,85,Volkswagen,Beetle,2017
27,85,Volkswagen,Beetle Dune,2017
22,90,Ford,Focus RS AWD,2017
25,92,MINI,Cooper Clubman All4,2017
33,97,Honda,Civic 5Dr,2017
34,97,Honda,Civic 5Dr,2017
32,97,Honda,Civic 5Dr Sport,2017
33,97,Honda,Civic 5Dr Sport,2017
31,96,Mazda,3 5-Door,2017
31,96,Mazda,3 5-Door,2017
28,96,Mazda,3 5-Door,2017
30,96,Mazda,3 5-Door,2017
30,96,Mazda,3 5-Door,2017
26,92,MINI,John Cooper Works Clubman All4,2017
112,92,Nissan,Leaf,2017
24,92,MINI,John Cooper Works Clubman All4,2017
31,85,Ford,Fiesta FWD,2017
30,85,Ford,Fiesta FWD,2017
35,85,Ford,Fiesta SFE FWD,2017
29,85,Ford,Fiesta ST FWD,2017
31,90,Ford,Focus FWD,2017
34,90,Ford,Focus FWD,2017
31,90,Ford,Focus FWD,2017
29,90,Ford,Focus FWD,2017
28,90,Ford,Focus FWD,2017
31,91,Ford,Focus FWD FFV,2017
29,91,Ford,Focus FWD FFV,2017
28,91,Ford,Focus FWD FFV,2017
25,90,Ford,Focus ST FWD,2017
55,96,Hyundai,Ioniq,2017
58,96,Hyundai,Ioniq Blue,2017
86,94,Tesla,Model X AWD - P100D,2016
26,97,MINI,Cooper Countryman All4,2017
107,91,Ford,Focus Electric,2017
46,87,Toyota,Prius c,2017
104,94,Tesla,Model S AWD - 60D,2017
103,94,Tesla,Model S AWD - 75D,2017
98,94,Tesla,Model S AWD - P100D,2017
54,91,Toyota,Prius Prime,2017
95,94,Tesla,Model S AWD - P90D,2017
119,91,Volkswagen,e-Golf,2017
27,97,MINI,Cooper S Countryman,2017
99,94,Tesla,Model S (60 kW-hr battery pack),2017
98,94,Tesla,Model S (75 kW-hr battery pack),2017
28,97,MINI,Cooper Countryman,2017
28,97,MINI,Cooper Countryman,2017
25,97,MINI,Cooper Countryman All4,2017
26,97,MINI,Cooper S Countryman All4,2017
24,97,MINI,Cooper S Countryman All4,2017
104,94,Tesla,Model S AWD - 90D,2017
27,91,Audi,A5 Sportback quattro,2018
24,91,Audi,S5 Sportback,2018
72,88,BYD,e6,2017
102,94,Tesla,Model S AWD - 100D,2017
25,97,MINI,JCW Countryman All4,2018
24,97,MINI,JCW Countryman All4,2018
13,69,Ferrari,GTC4Lusso,2018
29,84,Toyota,C-HR,2018
25,97,Honda,Civic 5Dr - Type R,2017
17,69,Ferrari,GTC4Lusso T,2018
27,89,Infiniti,QX30,2018
25,89,Infiniti,QX30 AWD,2018
23,84,Audi,Q3 quattro,2018
23,84,Audi,Q3,2018
32,85,Toyota,Yaris,2018
33,85,Toyota,Yaris,2018
27,97,Hyundai,Elantra GT,2018
26,97,Hyundai,Elantra GT,2018
27,95,MINI,Cooper SE Countryman All4,2018
31,88,Mazda,CX-3 2WD,2018
29,88,Mazda,CX-3 4WD,2018
31,96,Mazda,3 5-Door,2018
32,96,Mazda,3 5-Door,2018
30,96,Mazda,3 5-Door,2018
28,97,Hyundai,Elantra GT,2018
25,97,Hyundai,Elantra GT,2018
29,85,Volkswagen,Beetle Dune,2018
29,85,Volkswagen,Beetle,2018
24,93,Volkswagen,Golf R,2018
25,93,Volkswagen,Golf R,2018
23,94,Audi,A7 quattro,2018
28,98,Kia,Forte 5,2018
30,80,MINI,Cooper Hardtop 2 door,2018
30,84,MINI,Cooper Hardtop 4 door,2018
46,87,Toyota,Prius c,2018
27,98,Kia,Forte 5,2018
25,98,Kia,Forte 5,2018
32,80,MINI,Cooper Hardtop 2 door,2018
32,84,MINI,Cooper Hardtop 4 door,2018
28,80,MINI,Cooper S Hardtop 2 door,2018
26,80,MINI,Cooper S Hardtop 2 door,2018
28,84,MINI,Cooper S Hardtop 4 door,2018
26,84,MINI,Cooper S Hardtop 4 door,2018
28,80,MINI,John Cooper Works Hardtop,2018
26,80,MINI,John Cooper Works Hardtop,2018
36,86,Mitsubishi,Mirage,2018
39,86,Mitsubishi,Mirage,2018
32,95,Chevrolet,Cruze Hatchback,2018
31,95,Chevrolet,Cruze Premier Hatchback,2018
27,92,MINI,Cooper Clubman,2018
28,92,MINI,Cooper Clubman,2018
27,97,MINI,Cooper Countryman,2018
28,97,MINI,Cooper Countryman,2018
26,92,MINI,Cooper Clubman All4,2018
25,97,MINI,Cooper Countryman All4,2018
26,97,MINI,Cooper Countryman All4,2018
27,92,MINI,Cooper S Clubman,2018
25,92,MINI,Cooper S Clubman,2018
27,97,MINI,Cooper S Countryman,2018
26,97,MINI,Cooper S Countryman All4,2018
24,97,MINI,Cooper S Countryman All4,2018
26,92,MINI,Cooper S Clubman All4,2018
24,92,MINI,Cooper S Clubman All4,2018
25,101,BMW,X1 xDrive28i,2018
26,101,BMW,X1 sDrive28i,2018
27,102,BMW,330i xDrive Gran Turismo,2018
23,102,BMW,340i xDrive Gran Turismo,2018
42,90,Chevrolet,Volt,2018
31,95,Chevrolet,Cruze Hatchback,2018
26,92,MINI,Cooper Clubman All4,2018
26,92,MINI,John Cooper Works Clubman All4,2018
24,92,MINI,John Cooper Works Clubman All4,2018
34,94,Nissan,Versa,2018
30,94,Nissan,Versa,2018
29,94,Nissan,Versa,2018
35,95,Chevrolet,Cruze Hatchback,2018
35,95,Chevrolet,Cruze Hatchback,2018
31,90,Toyota,Corolla iM,2018
30,90,Toyota,Corolla iM,2018
33,97,Honda,Civic 5Dr,2018
33,97,Honda,Civic 5Dr Sport,2018
34,97,Honda,Civic 5Dr,2018
32,97,Honda,Civic 5Dr Sport,2018
18,94,Audi,S7,2018
22,90,Ford,Focus RS AWD,2018
17,94,Audi,RS 7,2018
23,107,BMW,640i xDrive Gran Turismo,2018
32,91,Hyundai,Accent,2018
31,91,Hyundai,Accent,2018
26,98,Buick,Regal,2018
24,98,Buick,Regal AWD,2018
34,87,Mazda,2,2018
35,87,Mazda,2,2018
25,97,Honda,Civic 5Dr - Type R,2018
36,89,Audi,A3 e-tron,2018
22,98,Buick,Regal AWD,2018
31,90,Ford,Focus FWD,2018
28,90,Ford,Focus FWD,2018
28,90,Ford,Focus FWD,2018
31,90,Ford,Focus FWD,2018
34,90,Ford,Focus FWD,2018
28,93,Volkswagen,GTI,2018
27,93,Volkswagen,GTI,2018
25,90,Ford,Focus ST FWD,2018
58,96,Hyundai,Ioniq Blue,2018
55,96,Hyundai,Ioniq,2018
107,91,Ford,Focus Electric,2018
52,91,Toyota,Prius,2018
56,91,Toyota,Prius Eco,2018
52,96,Hyundai,Ioniq Plug-in Hybrid,2018
31,85,Ford,Fiesta FWD,2018
30,85,Ford,Fiesta FWD,2018
29,85,Ford,Fiesta ST FWD,2018
28,93,Volkswagen,Golf,2018
98,94,Tesla,Model S 75kWh,2018
103,94,Tesla,Model S 75D,2018
102,94,Tesla,Model S 100D,2018
98,94,Tesla,Model S P100D,2018
29,93,Volkswagen,Golf,2018
112,92,Nissan,Leaf,2018
25,94,BMW,X2 xDrive28i,2018
119,91,Volkswagen,e-Golf,2018
72,88,BYD,e6,2018
54,91,Toyota,Prius Prime,2018
27,76,Fiat,500,2018
30,76,Fiat,500,2018
27,76,Fiat,500 Abarth,2018
30,76,Fiat,500 Abarth,2018
112,72,Fiat,500e,2018
30,80,MINI,Cooper Hardtop 2 door,2019
32,80,MINI,Cooper Hardtop 2 door,2019
30,84,MINI,Cooper Hardtop 4 door,2019
31,84,MINI,Cooper Hardtop 4 door,2019
28,80,MINI,Cooper S Hardtop 2 door,2019
26,80,MINI,Cooper S Hardtop 2 door,2019
28,84,MINI,Cooper S Hardtop 4 door,2019
26,84,MINI,Cooper S Hardtop 4 door,2019
28,80,MINI,John Cooper Works Hardtop,2019
26,80,MINI,John Cooper Works Hardtop,2019
27,92,MINI,Cooper Clubman,2019
28,92,MINI,Cooper Clubman,2019
27,97,MINI,Cooper Countryman,2019
28,97,MINI,Cooper Countryman,2019
26,92,MINI,Cooper Clubman All4,2019
26,92,MINI,Cooper Clubman All4,2019
25,97,MINI,Cooper Countryman All4,2019
26,97,MINI,Cooper Countryman All4,2019
27,92,MINI,Cooper S Clubman,2019
25,92,MINI,Cooper S Clubman,2019
27,97,MINI,Cooper S Countryman,2019
26,97,MINI,Cooper S Countryman All4,2019
24,97,MINI,Cooper S Countryman All4,2019
26,92,MINI,Cooper S Clubman All4,2019
24,92,MINI,Cooper S Clubman All4,2019
26,92,MINI,John Cooper Works Clubman All4,2019
24,92,MINI,John Cooper Works Clubman All4,2019
24,97,MINI,JCW Countryman All4,2019
26,94,BMW,X2 sDrive28i,2018
25,97,MINI,JCW Countryman All4,2019
13,69,Ferrari,GTC4Lusso,2019
17,69,Ferrari,GTC4Lusso T,2019
31,88,Mazda,CX-3 2WD,2019
29,88,Mazda,CX-3 4WD,2019
29,84,Toyota,C-HR,2019
27,95,MINI,Cooper SE Countryman All4,2019
33,94,Nissan,Kicks,2018
35,95,Chevrolet,Cruze Hatchback,2019
32,91,Hyundai,Accent,2019
31,91,Hyundai,Accent,2019
31,85,Toyota,Corolla Hatchback,2019
36,85,Toyota,Corolla Hatchback,2019
33,85,Toyota,Corolla Hatchback XSE,2019
22,98,Buick,Regal AWD,2019
29,85,Volkswagen,Beetle,2019
32,95,Chevrolet,Cruze Hatchback,2019
27,102,BMW,330i xDrive Gran Turismo,2019
23,102,BMW,340i xDrive Gran Turismo,2019
23,107,BMW,640i xDrive Gran Turismo,2019
55,96,Hyundai,Ioniq,2019
58,96,Hyundai,Ioniq Blue,2019
24,98,Buick,Regal AWD,2019
31,95,Chevrolet,Cruze Premier Hatchback,2019
46,87,Toyota,Prius c,2019
34,94,Nissan,Versa,2019
30,94,Nissan,Versa,2019
34,85,Toyota,Yaris,2019
35,85,Toyota,Yaris,2019
26,98,Buick,Regal,2019
119,91,Volkswagen,e-Golf,2019
52,96,Hyundai,Ioniq Plug-in Hybrid,2019
31,85,Ford,Fiesta FWD,2019
30,85,Ford,Fiesta FWD,2019
28,85,Ford,Fiesta ST FWD,2019
27,91,Audi,A5 Sportback quattro,2019
27,97,Hyundai,Elantra GT,2019
28,97,Hyundai,Elantra GT,2019
26,97,Hyundai,Elantra GT,2019
42,90,Chevrolet,Volt,2019
36,86,Mitsubishi,Mirage,2019
39,86,Mitsubishi,Mirage,2019
32,93,Volkswagen,Golf,2019
32,93,Volkswagen,Golf,2019
27,93,Volkswagen,GTI,2019
24,91,Audi,S5 Sportback,2019
25,95,Audi,A7 quattro,2019
20,91,Audi,RS 5 Sportback,2019
27,89,Infiniti,QX30,2019
25,89,Infiniti,QX30 AWD,2019
32,85,Toyota,Yaris,2019
27,93,Volkswagen,GTI,2019
24,93,Volkswagen,Golf R,2019
26,93,Volkswagen,Golf R,2019
25,94,BMW,X2 xDrive28i,2019
26,94,BMW,X2 sDrive28i,2019
25,94,BMW,X2 M35i,2019
33,90,Lexus,UX 200,2019
33,94,Nissan,Kicks,2019
25,101,BMW,X1 xDrive28i,2019
26,101,BMW,X1 sDrive28i,2019
33,97,Honda,Civic 5Dr,2019
34,97,Honda,Civic 5Dr,2019
32,97,Honda,Civic 5Dr,2019
25,97,Honda,Civic 5Dr,2019
34,87,Mazda,2,2019
35,87,Mazda,2,2019
112,72,Fiat,500e,2019
27,76,Fiat,500,2019
30,76,Fiat,500,2019
27,76,Fiat,500 Abarth,2019
30,76,Fiat,500 Abarth,2019
42,90,Lexus,UX 250h,2019
39,90,Lexus,UX 250h AWD,2019
52,91,Toyota,Prius,2019
50,91,Toyota,Prius AWD,2019
56,91,Toyota,Prius Eco,2019
54,91,Toyota,Prius Prime,2019
103,94,Tesla,Model S 75D,2019
102,94,Tesla,Model S 100D,2019
98,94,Tesla,Model S P100D,2019
28,96,Mazda,3 5-Door,2018
108,92,Nissan,Leaf (62 kW-hr battery pack),2019
104,92,Nissan,Leaf SV/SL (62 kW-hr battery pack),2019
29,93,Mazda,3 5-Door 2WD,2019
30,93,Mazda,3 5-Door 2WD,2019
27,93,Mazda,3 5-Door 4WD,2019
36,91,Hyundai,Accent,2020
33,91,Hyundai,Accent,2020
111,94,Tesla,Model S Long Range,2019
104,94,Tesla,Model S Performance (19in Wheels),2019
97,94,Tesla,Model S Performance (21in Wheels),2019
54,91,Toyota,Prius Prime,2020
109,94,Tesla,Model S Standard Range,2019
36,91,Kia,Rio,2020
26,98,Buick,Regal,2020
24,98,Buick,Regal AWD,2020
27,97,Hyundai,Elantra GT,2020
28,97,Hyundai,Elantra GT,2020
26,97,Hyundai,Elantra GT,2020
22,98,Buick,Regal AWD,2020
13,69,Ferrari,GTC4Lusso,2020
17,69,Ferrari,GTC4Lusso T,2020
31,80,MINI,Cooper Hardtop 2 door,2020
31,84,MINI,Cooper Hardtop 4 door,2020
30,80,MINI,Cooper S Hardtop 2 door,2020
30,84,MINI,Cooper S Hardtop 4 door,2020
29,80,MINI,John Cooper Works Hardtop,2020
46,87,Toyota,Prius c,2020
27,94,BMW,X2 xDrive28i,2020
27,94,BMW,X2 sDrive28i,2020
26,94,BMW,X2 M35i,2020
29,93,Mazda,3 5-Door 2WD,2020
30,93,Mazda,3 5-Door 2WD,2020
27,93,Mazda,3 5-Door 4WD,2020
29,97,MINI,Cooper Countryman,2020
27,97,MINI,Cooper Countryman All4,2020
29,92,MINI,Cooper S Clubman,2020
26,97,MINI,Cooper S Countryman All4,2020
26,92,MINI,John Cooper Works Clubman All4,2020
26,97,MINI,JCW Countryman All4,2020
26,101,BMW,X1 xDrive28i,2020
32,97,Honda,Civic 5Dr,2020
34,97,Honda,Civic 5Dr,2020
32,97,Honda,Civic 5Dr,2020
28,97,MINI,Cooper S Countryman,2020
26,92,MINI,Cooper S Clubman All4,2020
52,91,Toyota,Prius,2020
50,91,Toyota,Prius AWD,2020
56,91,Toyota,Prius Eco,2020
34,87,Toyota,Yaris,2020
35,87,Toyota,Yaris,2020
27,101,BMW,X1 sDrive28i,2020
22,84,Audi,Q3 quattro,2020
72,88,BYD,e6,2020
31,85,Toyota,Corolla Hatchback,2020
35,85,Toyota,Corolla Hatchback,2020
33,85,Toyota,Corolla Hatchback XSE,2020
27,93,Volkswagen,GTI,2020
29,86,Toyota,C-HR,2020
42,90,Lexus,UX 250h,2020
39,90,Lexus,UX 250h AWD,2020
36,86,Mitsubishi,Mirage,2020
39,86,Mitsubishi,Mirage,2020
27,93,Volkswagen,GTI,2020
23,91,Audi,S5 Sportback,2020
22,94,Audi,S7,2020
33,90,Lexus,UX 200,2020
55,96,Hyundai,Ioniq,2020
58,96,Hyundai,Ioniq Blue,2020
111,94,Tesla,Model S Long Range,2020
104,94,Tesla,Model S Performance (19in Wheels),2020
97,94,Tesla,Model S Performance (21in Wheels),2020
109,94,Tesla,Model S Standard Range,2020
52,96,Hyundai,Ioniq Plug-in Hybrid,2020
24,95,Audi,A7 quattro,2020
31,88,Mazda,CX-3 2WD,2020
29,88,Mazda,CX-3 4WD,2020
27,91,Audi,A5 Sportback quattro,2020
29,95,MINI,Cooper SE Countryman All4,2020
33,93,Nissan,Kicks,2020
32,93,Volkswagen,Golf,2020
31,93,Volkswagen,Golf,2020
34,87,Mazda,2,2020
35,87,Mazda,2,2020
25,97,Honda,Civic 5Dr,2020
108,80,MINI,Cooper SE Hardtop 2 door,2020
31,80,MINI,Cooper Hardtop 2 door,2021
31,84,MINI,Cooper Hardtop 4 door,2021
27,80,MINI,Cooper S Hardtop 2 door,2021
27,84,MINI,Cooper S Hardtop 4 door,2021
29,80,MINI,John Cooper Works Hardtop,2021
27,80,MINI,John Cooper Works Hardtop,2021
26,80,MINI,John Cooper Works GP,2021
111,92,Nissan,Leaf (40 kW-hr battery pack),2020
108,92,Nissan,Leaf (62 kW-hr battery pack),2020
104,92,Nissan,Leaf SV/SL (62 kW-hr battery pack),2020
30,80,MINI,Cooper S Hardtop 2 door,2021
30,84,MINI,Cooper S Hardtop 4 door,2021
22,94,Audi,S7,2021
108,80,MINI,Cooper SE Hardtop 2 door,2021
36,91,Hyundai,Accent,2021
33,91,Hyundai,Accent,2021
30,80,MINI,Cooper Hardtop 2 door,2021
30,84,MINI,Cooper Hardtop 4 door,2021
31,85,Toyota,Corolla Hatchback,2021
35,85,Toyota,Corolla Hatchback,2021
33,85,Toyota,Corolla Hatchback XSE,2021
117,94,Tesla,Model S Long Range Plus,2020
24,95,Audi,A7 quattro,2021
21,91,Audi,RS 5 Sportback,2021
52,91,Toyota,Prius,2021
49,91,Toyota,Prius AWD,2021
56,91,Toyota,Prius Eco,2021
54,91,Toyota,Prius Prime,2021
29,97,MINI,Cooper Countryman,2021
27,97,MINI,Cooper Countryman All4,2021
26,92,MINI,Cooper S Clubman,2021
28,97,MINI,Cooper S Countryman,2021
26,97,MINI,Cooper S Countryman All4,2021
26,92,MINI,Cooper S Clubman All4,2021
26,92,MINI,John Cooper Works Clubman All4,2021
26,97,MINI,JCW Countryman All4,2021
29,92,MINI,Cooper S Clubman,2021
26,101,BMW,X1 xDrive28i,2021
27,101,BMW,X1 sDrive28i,2021
27,94,BMW,X2 xDrive28i,2021
26,94,BMW,X2 M35i,2021
29,86,Toyota,C-HR,2021
23,91,Audi,S5 Sportback,2021
17,95,Audi,RS 7,2021
23,84,Audi,Q3 S-line quattro,2021
31,88,Mazda,CX-3 2WD,2021
29,88,Mazda,CX-3 4WD,2021
27,94,BMW,X2 sDrive28i,2021
27,93,Mazda,3 5-Door 2WD,2021
29,93,Mazda,3 5-Door 2WD,2021
27,93,Mazda,3 5-Door 4WD,2021
32,97,Honda,Civic 5Dr,2021
34,97,Honda,Civic 5Dr,2021
32,97,Honda,Civic 5Dr,2021
34,87,Mazda,2,2021
35,87,Mazda,2,2021
29,95,MINI,Cooper SE Countryman All4,2021
29,95,Audi,A7 quattro,2021
27,93,Volkswagen,GTI,2021
26,93,Volkswagen,GTI,2021
32,93,Volkswagen,Golf,2021
33,93,Volkswagen,Golf,2021
27,91,Audi,A5 Sportback S line quattro,2021
25,84,Audi,Q3 quattro,2021
92,89,Polestar,2,2021
28,91,Audi,A5 Sportback quattro,2021
26,93,Mazda,3 5-Door 4WD,2021
42,90,Lexus,UX 250h,2021
39,90,Lexus,UX 250h AWD,2021
32,90,Lexus,UX 200,2021
36,91,Kia,Rio,2021
110,94,Tesla,Model S Performance (19in Wheels),2021
96,94,Tesla,Model S Performance (21in Wheels),2021
36,86,Mitsubishi,Mirage,2021
39,86,Mitsubishi,Mirage,2021
55,96,Hyundai,Ioniq,2021
59,96,Hyundai,Ioniq Blue,2021
25,97,Honda,Civic 5Dr,2021
111,92,Nissan,Leaf (40 kW-hr battery pack),2021
108,92,Nissan,Leaf (62 kW-hr battery pack),2021
104,92,Nissan,Leaf SV/SL (62 kW-hr battery pack),2021
33,93,Nissan,Kicks,2021
52,96,Hyundai,Ioniq Plug-in Hybrid,2021
20,98,Porsche,Panamera,2021
20,98,Porsche,Panamera 4,2021
19,101,Porsche,Panamera 4 Executive,2021
20,98,Porsche,Panamera 4S,2021
17,98,Porsche,Panamera GTS,2021
17,101,Porsche,Panamera Turbo S Executive,2021
19,101,Porsche,Panamera 4S Executive,2021
17,98,Porsche,Panamera Turbo S,2021
32,80,MINI,Cooper Hardtop 2 door,2022
31,80,MINI,Cooper Hardtop 2 door,2022
32,84,MINI,Cooper Hardtop 4 door,2022
31,84,MINI,Cooper Hardtop 4 door,2022
27,80,MINI,Cooper S Hardtop 2 door,2022
27,84,MINI,Cooper S Hardtop 4 door,2022
25,80,MINI,John Cooper Works Hardtop 2 door,2022
27,94,BMW,X2 xDrive28i,2022
26,94,BMW,X2 M35i,2022
29,97,MINI,Cooper Countryman,2022
26,97,MINI,Cooper Countryman All4,2022
26,92,MINI,Cooper S Clubman,2022
31,80,MINI,Cooper S Hardtop 2 door,2022
31,84,MINI,Cooper S Hardtop 4 door,2022
29,80,MINI,John Cooper Works Hardtop 2 door,2022
27,94,BMW,X2 sDrive28i,2022
29,92,MINI,Cooper S Clubman,2022
28,97,MINI,Cooper S Countryman,2022
26,97,MINI,Cooper S Countryman All4,2022
26,92,MINI,Cooper S Clubman All4,2022
26,92,MINI,John Cooper Works Clubman All4,2022
26,97,MINI,JCW Countryman All4,2022
22,98,Porsche,Panamera 4 e-Hybrid,2021
22,101,Porsche,Panamera 4 e-Hybrid Executive,2021
22,98,Porsche,Panamera 4S e-Hybrid,2021
22,98,Porsche,Panamera 4S e-Hybrid Executive,2021
22,98,Porsche,Panamera 4S e-Hybrid ST,2021
19,98,Porsche,Panamera Turbo S e-Hybrid,2021
19,98,Porsche,Panamera Turbo S e-Hybrid Executive,2021
19,98,Porsche,Panamera Turbo S e-Hybrid ST,2021
110,80,MINI,Cooper SE Hardtop 2 door,2022
29,95,MINI,Cooper SE Countryman All4,2022
120,94,Tesla,Model S Long Range,2021
101,94,Tesla,Model S Plaid (21inch wheels),2021
52,91,Toyota,Prius,2022
49,91,Toyota,Prius AWD,2022
56,91,Toyota,Prius Eco,2022
36,91,Hyundai,Accent,2022
29,91,Audi,A5 Sportback quattro,2022
27,91,Audi,A5 Sportback S line quattro,2022
17,95,Audi,RS 7,2022
21,91,Audi,RS 5 Sportback,2022
24,91,Audi,S5 Sportback,2022
24,95,Audi,A7 quattro,2022
55,96,Hyundai,Ioniq,2022
59,96,Hyundai,Ioniq Blue,2022
27,95,Audi,A7 TFSI e quattro,2022
52,96,Hyundai,Ioniq Plug-in Hybrid,2022
22,94,Audi,S7,2022
31,85,Toyota,Corolla Hatchback,2022
35,85,Toyota,Corolla Hatchback,2022
33,85,Toyota,Corolla Hatchback XSE,2022
36,86,Mitsubishi,Mirage,2022
39,86,Mitsubishi,Mirage,2022
28,91,Volkswagen,GTI,2022
54,91,Toyota,Prius Prime,2022
111,92,Nissan,Leaf (40 kW-hr battery pack),2022
108,92,Nissan,Leaf (62 kW-hr battery pack),2022
104,92,Nissan,Leaf SV/SL (62 kW-hr battery pack),2022
89,89,Polestar,2 Dual Motor,2022
14,58,Ferrari,812 Competizione,2022
42,90,Lexus,UX 250h,2022
39,90,Lexus,UX 250h AWD,2022
32,90,Lexus,UX 200,2022
28,91,Volkswagen,GTI,2022
35,99,Honda,Civic 5Dr,2022
33,99,Honda,Civic 5Dr,2022
31,99,Honda,Civic 5Dr,2022
33,99,Honda,Civic 5Dr,2022
32,99,Honda,Civic 5Dr,2022
29,99,Honda,Civic 5Dr,2022
36,91,Kia,Rio,2022
20,98,Porsche,Panamera,2022
20,98,Porsche,Panamera 4S,2022
19,101,Porsche,Panamera 4S Executive,2022
20,98,Porsche,Panamera 4,2022
19,101,Porsche,Panamera 4 Executive,2022
17,98,Porsche,Panamera Turbo S/Exec/ST,2022
17,98,Porsche,Panamera GTS,2022
22,98,Porsche,Panamera 4 E-Hybrid/Exec/ST,2022
22,98,Porsche,Panamera 4S E-Hybrid/Exec/ST,2022
26,91,Volkswagen,Golf-R,2022
23,91,Volkswagen,Golf-R,2022
26,101,BMW,X1 xDrive28i,2022
92,90,Mazda,MX-30,2022
76,90,Porsche,Taycan 4 Cross Turismo,2022
75,91,Porsche,Taycan 4S Cross Turismo,2022
72,92,Porsche,Taycan Turbo Cross Turismo,2022
73,93,Porsche,Taycan Turbo S Cross Turismo,2022
27,101,BMW,X1 sDrive28i,2022
19,98,Porsche,Panamera Turbo S E-Hybrid/Exec/ST,2022
107,89,Polestar,2 Single Motor,2022
87,86,Volvo,C40 Recharge twin,2022
29,86,Toyota,C-HR,2022
120,94,Tesla,Model S,2022
116,94,Tesla,Model S Plaid (19 inch wheels),2022
101,94,Tesla,Model S Plaid (21 inch wheels),2022
27,93,Mazda,3 5-Door 2WD,2022
29,93,Mazda,3 5-Door 2WD,2022
27,93,Mazda,3 5-Door 4WD,2022
26,93,Mazda,3 5-Door 4WD,2022
33,93,Nissan,Kicks,2022
32,80,MINI,Cooper Hardtop 2 door,2023
31,80,MINI,Cooper Hardtop 2 door,2023
32,84,MINI,Cooper Hardtop 4 door,2023
31,84,MINI,Cooper Hardtop 4 door,2023
27,94,BMW,X2 M35i,2023
28,97,MINI,Cooper Countryman,2023
26,97,MINI,Cooper Countryman All4,2023
26,92,MINI,John Cooper Works Clubman All4,2023
26,97,MINI,JCW Countryman All4,2023
31,80,MINI,Cooper S Hardtop 2 door,2023
27,80,MINI,Cooper S Hardtop 2 door,2023
31,84,MINI,Cooper S Hardtop 4 door,2023
27,84,MINI,Cooper S Hardtop 4 door,2023
29,80,MINI,John Cooper Works Hardtop 2 door,2023
25,80,MINI,John Cooper Works Hardtop 2 door,2023
27,94,BMW,X2 xDrive28i,2023
27,94,BMW,X2 sDrive28i,2023
29,92,MINI,Cooper S Clubman,2023
25,92,MINI,Cooper S Clubman,2023
28,97,MINI,Cooper S Countryman,2023
26,97,MINI,Cooper S Countryman All4,2023
27,92,MINI,Cooper S Clubman All4,2023
110,80,MINI,Cooper SE Hardtop 2 door,2023
29,95,MINI,Cooper SE Countryman All4,2023
23,93,Volkswagen,Golf-R,2023
28,93,Volkswagen,GTI,2023
27,93,Volkswagen,GTI,2023
26,93,Volkswagen,Golf-R,2023
14,58,Ferrari,812 Competizione,2023
36,86,Mitsubishi,Mirage,2023
39,86,Mitsubishi,Mirage,2023
24,91,Audi,S5 Sportback,2023
21,91,Audi,RS 5 Sportback,2023
42,90,Lexus,UX 250h,2023
39,90,Lexus,UX 250h AWD,2023
17,95,Audi,RS 7,2023
36,91,Kia,Rio,2023
24,95,Audi,A7,2023
27,91,Audi,A5 Sportback S-Line quattro,2023
28,91,Audi,A5 Sportback quattro,2023
22,94,Audi,S7,2023
80,90,Porsche,Taycan GTS ST,2022
20,98,Porsche,Panamera,2023
20,98,Porsche,Panamera 4S,2023
19,101,Porsche,Panamera 4S Executive,2023
20,98,Porsche,Panamera 4,2023
19,101,Porsche,Panamera 4 Executive,2023
17,98,Porsche,Panamera Turbo S,2023
17,98,Porsche,Panamera GTS,2023
95,89,Polestar,2 BST edition,2023
100,89,Polestar,2 Dual Motor,2023
100,89,Polestar,2 Dual Motor Perf Pack,2023
107,89,Polestar,2 Single Motor,2023
33,93,Nissan,Kicks,2023
35,85,Toyota,Corolla Hatchback,2023
33,85,Toyota,Corolla Hatchback XSE,2023
30,93,Mazda,3 5-Door 2WD,2023
30,93,Mazda,3 5-Door 2WD,2023
29,93,Mazda,3 5-Door 4WD,2023
26,93,Mazda,3 5-Door 4WD,2023
111,92,Nissan,LEAF,2023
109,92,Nissan,LEAF SV,2023
80,90,Porsche,Taycan 4 Cross Turismo,2023
78,91,Porsche,Taycan 4S Cross Turismo,2023
80,90,Porsche,Taycan GTS Sport Turismo,2023
79,92,Porsche,Taycan Turbo Cross Turismo,2023
75,93,Porsche,Taycan Turbo S Cross Turismo,2023
35,99,Honda,Civic 5Dr,2023
33,99,Honda,Civic 5Dr,2023
31,99,Honda,Civic 5Dr,2023
32,99,Honda,Civic 5Dr,2023
29,99,Honda,Civic 5Dr,2023
24,99,Honda,Civic 5Dr,2023
120,94,Tesla,Model S,2023
24,67,Toyota,GR Corolla,2023
22,98,Porsche,Panamera 4 e-Hybrid,2023
22,98,Porsche,Panamera 4S E-Hybrid,2023
19,98,Porsche,Panamera Turbo S e-Hybrid,2023
57,91,Toyota,Prius,2023
54,91,Toyota,Prius AWD,2023
49,91,Toyota,Prius AWD XLE/LTD,2023
52,91,Toyota,Prius XLE/LTD,2023
32,80,MINI,Cooper Hardtop 2 door,2024
31,80,MINI,Cooper Hardtop 2 door,2024
32,84,MINI,Cooper Hardtop 4 door,2024
31,84,MINI,Cooper Hardtop 4 door,2024
31,80,MINI,Cooper S Hardtop 2 door,2024
27,80,MINI,Cooper S Hardtop 2 door,2024
31,84,MINI,Cooper S Hardtop 4 door,2024
27,84,MINI,Cooper S Hardtop 4 door,2024
29,80,MINI,John Cooper Works Hardtop 2 door,2024
26,80,MINI,John Cooper Works Hardtop 2 door,2024
28,97,MINI,Cooper Countryman,2024
26,97,MINI,Cooper Countryman All4,2024
26,92,MINI,John Cooper Works Clubman All4,2024
26,97,MINI,JCW Countryman All4,2024
33,99,Honda,Civic 5Dr,2023
42,90,Lexus,UX 250h,2024
39,90,Lexus,UX 250h AWD,2024
29,92,MINI,Cooper S Clubman,2024
25,92,MINI,Cooper S Clubman,2024
28,97,MINI,Cooper S Countryman,2024
26,97,MINI,Cooper S Countryman All4,2024
27,92,MINI,Cooper S Clubman All4,2024
30,91,Audi,A5 Sportback quattro,2024
20,91,Audi,RS 5 Sportback,2024
39,86,Mitsubishi,Mirage,2024
27,93,Volkswagen,GTI,2024
27,93,Volkswagen,GTI,2024
30,93,Mazda,3 5-Door 2WD,2024
30,93,Mazda,3 5-Door 2WD,2024
29,93,Mazda,3 5-Door 4WD,2024
26,93,Mazda,3 5-Door 4WD,2024
110,80,MINI,Cooper SE Hardtop 2 door,2024
111,92,Nissan,LEAF,2024
109,92,Nissan,LEAF SV,2024
106,89,Polestar,2 Dual Motor (19 Inch Wheels),2024
102,89,Polestar,2 Dual Motor (20 Inch Wheels),2024
95,89,Polestar,2 Dual Motor Performance Pack,2024
115,89,Polestar,2 Single Motor (19 Inch Wheels),2024
111,89,Polestar,2 Single Motor (20 Inch Wheels),2024
92,90,Mazda,MX-30,2023
25,93,Volkswagen,Golf R,2024
23,93,Volkswagen,Golf R,2024
27,91,Audi,A5 Sportback S line quattro,2024
23,91,Audi,S5 Sportback,2024
25,95,Audi,A7 quattro,2024
17,95,Audi,RS 7,2024
22,94,Audi,S7,2024
35,99,Honda,Civic 5Dr,2024
33,99,Honda,Civic 5Dr,2024
31,99,Honda,Civic 5Dr,2024
33,99,Honda,Civic 5Dr,2024
32,99,Honda,Civic 5Dr,2024
29,99,Honda,Civic 5Dr,2024
48,91,Toyota,Prius Prime,2023
52,91,Toyota,Prius Prime SE,2023
24,67,Toyota,GR Corolla,2024
33,93,Nissan,Kicks,2024
57,91,Toyota,Prius,2024
54,91,Toyota,Prius AWD,2024
49,91,Toyota,Prius AWD XLE/LTD,2024
52,91,Toyota,Prius XLE/LTD,2024
12,97,Ferrari,Purosangue,2024
57,101,Hyundai,Nexo,2023
61,101,Hyundai,Nexo Blue,2023
35,85,Toyota,Corolla Hatchback,2024
33,85,Toyota,Corolla Hatchback XSE,2024
80,90,Porsche,Taycan GTS Sport Turismo,2024
80,90,Porsche,Taycan 4 Cross Turismo,2024
79,92,Porsche,Taycan Turbo Cross Turismo,2024
75,93,Porsche,Taycan Turbo S Cross Turismo,2024
48,91,Toyota,Prius Prime,2024
52,91,Toyota,Prius Prime SE,2024
12,97,Ferrari,F175 AHA,2023
57,101,Hyundai,Nexo,2019
61,101,Hyundai,Nexo Blue,2019
57,101,Hyundai,Nexo,2020
61,101,Hyundai,Nexo Blue,2020
57,101,Hyundai,Nexo,2021
61,101,Hyundai,Nexo Blue,2021
57,101,Hyundai,Nexo,2022
61,101,Hyundai,Nexo Blue,2022
24,99,Honda,Civic 5Dr,2024
17,101,Porsche,Panamera Turbo S Executive,2023
43,90,Lexus,UX 300h,2025
42,90,Lexus,UX 300h AWD,2025
43,90,Lexus,UX 300h,2025
42,90,Lexus,UX 300h AWD,2025
21,98,Porsche,Panamera 4,2024
32,81,MINI,Cooper S Hardtop 2 door,2025
116,72,Fiat,500e,2024
110,72,Fiat,500e All Season,2024
78,91,Porsche,Taycan 4S Cross Turismo,2024
122,94,Tesla,Model S,2024
107,94,Tesla,Model S Plaid (19in wheels),2024
96,94,Tesla,Model S Plaid (21in wheels),2024
32,81,MINI,Cooper Hardtop 2 door,2025
32,84,MINI,Cooper S Hardtop 4 door,2025
35,85,Toyota,Corolla Hatchback,2025
33,85,Toyota,Corolla Hatchback XSE,2025
23,91,Audi,S5 Sportback,2025
20,91,Audi,RS 5 Sportback,2025
17,95,Audi,RS 7,2025
26,91,Audi,A5 Sportback S line quattro,2025
29,91,Audi,A5 Sportback quattro,2025
25,95,Audi,A7 quattro,2025
30,93,Mazda,3 5-Door 2WD,2025
30,93,Mazda,3 5-Door 2WD,2025
29,93,Mazda,3 5-Door 4WD,2025
26,93,Mazda,3 5-Door 4WD,2025
24,99,Honda,Civic 5Dr,2025
22,94,Audi,S7,2025
21,98,Porsche,Panamera,2025
21,98,Porsche,Panamera 4,2025
96,96,MINI,Countryman SE ALL4 (18 inch Wheels),2025
91,96,MINI,Countryman SE ALL4 (19 inch Wheels),2025
111,92,Nissan,LEAF,2025
109,92,Nissan,LEAF SV,2025
101,89,Polestar,2 Dual Motor (19 Inch Wheels),2025
97,89,Polestar,2 Dual Motor (20 Inch Wheels),2025
91,89,Polestar,2 Dual Motor Performance Pack,2025
114,89,Polestar,2 Single Motor (19 Inch Wheels),2025
109,89,Polestar,2 Single Motor (20 Inch Wheels),2025
90,104,Polestar,4 Long Range Single Motor,2025
83,104,Polestar,4 Long Range Dual Motor,2025
21,98,Porsche,Panamera,2024
34,99,Honda,Civic 5Dr,2025
48,99,Honda,Civic 5Dr,2025
22,67,Toyota,GR Corolla,2025
24,67,Toyota,GR Corolla,2025
12,97,Ferrari,Purosangue,2025
116,72,Fiat,500e,2025
110,72,Fiat,500e All Season,2025
81,90,Porsche,Taycan 4 Cross Turismo,2025
80,91,Porsche,Taycan 4S Cross Turismo,2025
78,92,Porsche,Taycan Turbo Cross Turismo,2025
77,93,Porsche,Taycan Turbo S Cross Turismo,2025
104,94,Tesla,Model S Plaid (19in wheels),2025
93,94,Tesla,Model S Plaid (21in wheels),2025
87,104,Dodge,Charger 2-Dr Daytona R/T AWD 18in,2024
85,104,Dodge,Charger 2-Dr Daytona R/T AWD 20in Goodyear,2024
98,104,Dodge,Charger 2-Dr Daytona R/T AWD 20in Nexen,2024
70,104,Dodge,Charger 2-Dr Daytona Scat Pack Track Pack AWD,2024
78,104,Dodge,Charger 2-Dr Daytona Scat Pack Track Pack AWD A/S,2024
57,101,Hyundai,Nexo,2024
61,101,Hyundai,Nexo Blue,2024
30,81,MINI,JCW Hardtop 2 Door,2025
32,84,MINI,Cooper Hardtop 4 door,2025
25,93,Volkswagen,Golf R,2025
27,93,Volkswagen,GTI,2025
54,91,Toyota,Prius AWD,2025
49,91,Toyota,Prius AWD XLE/LTD,2025
52,91,Toyota,Prius XLE/LTD,2025
57,91,Toyota,Prius,2025
48,91,Toyota,Prius PHEV,2025
52,91,Toyota,Prius PHEV SE,2025
22,91,Audi,S5,2025
33,93,Nissan,Kicks Play,2025
18,98,Porsche,Panamera GTS,2025
57,101,Hyundai,Nexo,2025
61,101,Hyundai,Nexo Blue,2025
82,90,Porsche,Taycan GTS Sport Turismo,2025
124,94,Tesla,Model S,2025
